{"type": "FeatureCollection", "features": [{"type": "Feature", "properties": {"name": "District 4", "slug": "district-4", "ccd": 4}, "geometry": {"type": "MultiPolygon", "coordinates": [[[[-85.30562661199941, 36.194326905833904], [-85.29950860954271, 36.19232690651574], [-85.29767960966204, 36.19142190584812], [-85.2975576096945, 36.19137090594406], [-85.29454860785656, 36.19014690580422], [-85.29101960709302, 36.18867990544956], [-85.28912860606269, 36.187893905259926], [-85.28726660573628, 36.187117906049174], [-85.2750996020756, 36.18205390552005], [-85.27414660139833, 36.18166190488018], [-85.27408160177193, 36.181634905196475], [-85.27405360131587, 36.181650905447185], [-85.27381560178004, 36.18177490524479], [-85.2737816013884, 36.18178190539458], [-85.27365460207736, 36.18181990548215], [-85.27357060134844, 36.18185090542934], [-85.273489601793, 36.18189190484904], [-85.27334160188164, 36.1820049055623], [-85.27323960106759, 36.18211890493706], [-85.27320660191701, 36.18218090501545], [-85.27318060121601, 36.18220890477915], [-85.27313860150889, 36.18230390530573], [-85.27311560130457, 36.18236090497883], [-85.27307960143466, 36.18245590555766], [-85.27306460111005, 36.18250890492496], [-85.27304560113082, 36.182572905332876], [-85.2730326011191, 36.18260390523835], [-85.27298260187048, 36.18280290542638], [-85.27296060196842, 36.18292990573003], [-85.27294560158018, 36.18324590567283], [-85.27293260192623, 36.183270905870245], [-85.27291860167583, 36.18332890511951], [-85.27289860133074, 36.18338690517994], [-85.27286060130731, 36.1835699053631], [-85.27285860179232, 36.183604905505085], [-85.27285560194375, 36.183675905897076], [-85.27286060181406, 36.18376890558294], [-85.27283960167507, 36.18397090577263], [-85.27282960103697, 36.18402990515826], [-85.27283060120945, 36.18479690571356], [-85.27255860143562, 36.18509090576845], [-85.27205660130683, 36.185459905809005], [-85.2714326015089, 36.18576690617806], [-85.27048460087956, 36.18585690604705], [-85.26917160031067, 36.18536290585475], [-85.26914060039326, 36.18531890609871], [-85.26604060009946, 36.18422390589841], [-85.26548259957133, 36.184456905759376], [-85.26425659949265, 36.185060906292826], [-85.2654765998562, 36.1862869067976], [-85.26515259935125, 36.18658690610742], [-85.26484359970021, 36.18684290621182], [-85.26253659841065, 36.18636290653994], [-85.261603598377, 36.18566590662606], [-85.2603125985409, 36.18582390681235], [-85.26086559784875, 36.184687906540226], [-85.2622215981737, 36.18246690594778], [-85.26165659843883, 36.18081190577714], [-85.26278659795878, 36.18125190535486], [-85.26331659818472, 36.18171090549455], [-85.26338659897912, 36.18171290535329], [-85.26535259905054, 36.18176590566605], [-85.26589259975812, 36.1818189051848], [-85.26591959926898, 36.18174990563102], [-85.2659355998366, 36.18168590518202], [-85.2659575990602, 36.18164090555838], [-85.26597359966699, 36.181495905087985], [-85.26593559894746, 36.181306905601915], [-85.26591359895379, 36.181248905394476], [-85.26588859957826, 36.18122190567712], [-85.26587159963579, 36.1811869054306], [-85.26584659918242, 36.18115990569731], [-85.26581259982653, 36.1810979056945], [-85.26578759942961, 36.181070905047136], [-85.26577059955575, 36.18103590568618], [-85.26568559917517, 36.18092590515249], [-85.26565959947224, 36.18090190500851], [-85.26558359913412, 36.18080890557721], [-85.26546459953578, 36.18068190481225], [-85.26544859974827, 36.18065790508224], [-85.26535559861621, 36.180561905392494], [-85.26528659899353, 36.180472904906516], [-85.26517659957744, 36.1803489048434], [-85.26502359851891, 36.180162905498044], [-85.26499959920157, 36.18011490505068], [-85.2649725994384, 36.18008790556927], [-85.26493959952873, 36.180025905072156], [-85.26490159861656, 36.17986390518397], [-85.26488859888643, 36.17983290551057], [-85.26488459903932, 36.179814905473975], [-85.26486759842685, 36.1797269054245], [-85.26482059937837, 36.179592905197815], [-85.26481659845636, 36.17956890544666], [-85.26478659900091, 36.179489904630096], [-85.26474359907968, 36.179441904659946], [-85.26472659890369, 36.179406905129646], [-85.26443859907903, 36.17915290521696], [-85.26437159897262, 36.179070904734466], [-85.2643285992664, 36.179008905296364], [-85.26431259904957, 36.17894090485279], [-85.26430759901186, 36.178860905341324], [-85.26431559924664, 36.1787449048067], [-85.26433259909909, 36.17864190485287], [-85.26436159892371, 36.1783639050198], [-85.2643485981908, 36.178283904507396], [-85.2643275984684, 36.178225904639305], [-85.26430259853413, 36.17817790513387], [-85.26427759883421, 36.17814990464728], [-85.26426059876572, 36.1781159045373], [-85.26411559857978, 36.1779579044222], [-85.26401459885042, 36.17787190482221], [-85.26373459827704, 36.17766190464332], [-85.26367459837941, 36.17762790443466], [-85.2635905987608, 36.17757990447285], [-85.26348059836718, 36.177486904368344], [-85.26319259776831, 36.17712690461571], [-85.26308159778978, 36.176963905023094], [-85.26043659738974, 36.17586190457691], [-85.25250259506849, 36.17255590398793], [-85.25036259425538, 36.171663904194176], [-85.24997759453713, 36.171500904298945], [-85.24989459357627, 36.17140490394543], [-85.24963759435691, 36.171088903661705], [-85.24926559349996, 36.170633903658924], [-85.2488325934563, 36.170455903618134], [-85.24868259384888, 36.17039390385634], [-85.24857059393571, 36.17034790362001], [-85.24830759360435, 36.17023990402303], [-85.24712759287003, 36.169753903362945], [-85.24543559231795, 36.16905990373658], [-85.24359059211984, 36.168323903784014], [-85.24241259216294, 36.16785690371619], [-85.24184959098054, 36.16762490371401], [-85.24183459161821, 36.16761890349282], [-85.24129959136621, 36.167410903574485], [-85.24102359153284, 36.16730090360722], [-85.24081459073254, 36.167214903398325], [-85.23745259019749, 36.16584090318134], [-85.23674858990229, 36.16555390307451], [-85.23288958867003, 36.164025902964156], [-85.23173258817276, 36.16356690341425], [-85.2311195880245, 36.1633249034612], [-85.22826258691073, 36.16219090275369], [-85.22742158694376, 36.16185690303871], [-85.22710858730221, 36.161732903143616], [-85.22650358625542, 36.16148590339113], [-85.22610858603241, 36.16131990337037], [-85.2253035864818, 36.160979902586114], [-85.22295758574055, 36.16005490284937], [-85.22093158436901, 36.15924490276748], [-85.22042758497157, 36.159043903094116], [-85.21434658326751, 36.156579902782966], [-85.20819658117972, 36.15408390205852], [-85.20793558042361, 36.153980902408804], [-85.20715258109043, 36.15367190185107], [-85.20689258099708, 36.15356890198463], [-85.20611057990483, 36.15326190196594], [-85.20503558006168, 36.152838901841335], [-85.20416057928664, 36.152495902259695], [-85.203740579165, 36.152456902243664], [-85.2035565794677, 36.152439902182074], [-85.20323057894166, 36.15240890217729], [-85.20290557880374, 36.152378902002546], [-85.20200157940575, 36.15230790225316], [-85.20033657881287, 36.15217890265617], [-85.19929057840079, 36.15208290180318], [-85.19838857787185, 36.15200090257389], [-85.1943645762782, 36.15163390237235], [-85.19283557572716, 36.151490902640674], [-85.19003157500957, 36.15122890261252], [-85.18293657301058, 36.15056690232016], [-85.17618057166881, 36.149950902770875], [-85.1744585713605, 36.14979390257492], [-85.17062956941797, 36.14943190261214], [-85.1702655694151, 36.149396902906275], [-85.16516056797457, 36.148909903491216], [-85.1610685671053, 36.148536902938275], [-85.1609075669629, 36.148521902907326], [-85.15761356577805, 36.14821590309737], [-85.15678856608233, 36.14813890293631], [-85.15265556444949, 36.14776990303166], [-85.1483575632025, 36.14738490327374], [-85.14804556334985, 36.14735790301581], [-85.14567156223053, 36.14713590308025], [-85.1440235614843, 36.14698090312649], [-85.13774656017618, 36.14639290388255], [-85.13659855948586, 36.14628890412297], [-85.13546955977252, 36.14618690331908], [-85.13381855911335, 36.146037904230354], [-85.13127855764824, 36.14580790345667], [-85.13117355844871, 36.14579890344434], [-85.13028255800117, 36.1457189039695], [-85.12498255666118, 36.14520790439789], [-85.12349455523696, 36.144987904424426], [-85.12320955524729, 36.14494590431714], [-85.11958755505232, 36.144725904492816], [-85.1194255543414, 36.144656904469386], [-85.1189425541705, 36.14445090378691], [-85.11878155466438, 36.14438290431061], [-85.1121085526007, 36.142283904214246], [-85.11194155174687, 36.14223090366454], [-85.11009055130639, 36.14163990359956], [-85.10954455186189, 36.1414689035083], [-85.10271654981673, 36.139319903351506], [-85.10267954967817, 36.13933290410028], [-85.10021754814875, 36.138567903492344], [-85.10059254819306, 36.138184903608874], [-85.10073854844703, 36.13807390358642], [-85.10104054886884, 36.137846903285556], [-85.10170654923311, 36.13713690315437], [-85.10202254907183, 36.13681990313453], [-85.10227754915573, 36.136564902969766], [-85.10234354914284, 36.136499903052936], [-85.10268254926319, 36.13611290284641], [-85.10278554879028, 36.13606690296984], [-85.10339654987486, 36.13579890286367], [-85.10448954922914, 36.13538890271019], [-85.10475654967806, 36.13524790254387], [-85.10544254970391, 36.13488990278249], [-85.10612055043337, 36.1339059024853], [-85.10680754999721, 36.13314690236143], [-85.10732354979184, 36.132905902588284], [-85.10816555090958, 36.132906902465855], [-85.10898755053461, 36.13302890225504], [-85.10981955098389, 36.133085901910626], [-85.11016155055951, 36.13308590222537], [-85.11083955093311, 36.13308790255344], [-85.1115045513437, 36.132974902068646], [-85.11225855116179, 36.132757901917564], [-85.11256555168004, 36.13266990226374], [-85.11326555241861, 36.132318901993294], [-85.11367755186893, 36.132113902080356], [-85.1143435522327, 36.1315329018154], [-85.11466155221409, 36.13126690162025], [-85.11560355233168, 36.13111490175197], [-85.11619955271884, 36.131139901721816], [-85.11638555244483, 36.13114790126925], [-85.11725355300752, 36.13144490130837], [-85.11777255342233, 36.13134290135401], [-85.11842855382409, 36.13081890108134], [-85.11907555386738, 36.13043590159262], [-85.11927255360337, 36.130319901582354], [-85.11961955339669, 36.13008590105606], [-85.1202935542286, 36.13014290130414], [-85.12114455414599, 36.130248901393536], [-85.12173955432492, 36.13023390106169], [-85.12205755462212, 36.13006390081973], [-85.12279155471228, 36.129628901190394], [-85.12331855434923, 36.12954890085443], [-85.12392255461538, 36.129549900734894], [-85.12457655457389, 36.1296069012651], [-85.12496655501067, 36.12942990093519], [-85.12510655503743, 36.129376900519894], [-85.12617355565784, 36.12897890071325], [-85.12665155511144, 36.128829900765844], [-85.12706855521819, 36.12875990042004], [-85.12712655554014, 36.128759901003264], [-85.12753355587, 36.12876290018435], [-85.12762355614981, 36.1287639007512], [-85.12813655552328, 36.12894490025884], [-85.12847055632663, 36.129220900506695], [-85.12856355645812, 36.12934390102319], [-85.12873355646998, 36.12956990032144], [-85.12881855617658, 36.12966190083923], [-85.12908555607169, 36.12995090045187], [-85.1291835563088, 36.1300259007876], [-85.12938055642424, 36.13017790116616], [-85.12967655704884, 36.13025290041672], [-85.13034055674336, 36.130273900296274], [-85.13067455730815, 36.1302789005759], [-85.13119255748256, 36.13028790110268], [-85.13157955760926, 36.13026590043741], [-85.13169455659391, 36.12892090050077], [-85.13175255757464, 36.12825289999594], [-85.1339275574866, 36.125344899579844], [-85.13413055767805, 36.12507289969073], [-85.13446055778218, 36.124610899594586], [-85.13547255773734, 36.123199899221376], [-85.13571555789898, 36.12285989915691], [-85.13644555771194, 36.121843898493466], [-85.1366895584545, 36.12150489859179], [-85.13896555824662, 36.11839389834599], [-85.14579455993878, 36.1090618954546], [-85.14604056047403, 36.10872589606489], [-85.14807056088702, 36.105950895367044], [-85.14807156011561, 36.105949894784985], [-85.14890356107097, 36.104810894731585], [-85.1514035611269, 36.1013948940695], [-85.152237560899, 36.100255893474746], [-85.15275456181415, 36.09955089340349], [-85.15415756195014, 36.09965489381201], [-85.16098456413829, 36.10016489315993], [-85.16326056497023, 36.10033589347082], [-85.16403956481354, 36.10039289307534], [-85.16637756541783, 36.10056689328905], [-85.16715756525507, 36.10062489357998], [-85.16994356671219, 36.100833892709744], [-85.17543156773844, 36.10124689256556], [-85.17830456887499, 36.10146189273975], [-85.18109156923909, 36.10167089305125], [-85.1863205708331, 36.10206189299604], [-85.20200857575213, 36.103237891814096], [-85.20723857728204, 36.10362989248102], [-85.2072695772261, 36.10363189251843], [-85.20736257707672, 36.10363789168154], [-85.20739457771384, 36.10364089238066], [-85.20955057822285, 36.10380189196488], [-85.21602058041753, 36.10428689194417], [-85.21671958020467, 36.10433989143897], [-85.21817758082759, 36.104448891782965], [-85.21822958053185, 36.104452891692894], [-85.21838558077776, 36.104464892196624], [-85.2184385811889, 36.10446889219297], [-85.22165058177285, 36.10470889162359], [-85.22172258137448, 36.10471389154486], [-85.22407058191662, 36.10489089171438], [-85.22979958385588, 36.10531889115429], [-85.23157758467497, 36.10545189172928], [-85.23383158510948, 36.105620891423186], [-85.23486358512888, 36.10569389114129], [-85.23503358550785, 36.10570589130012], [-85.23554558538255, 36.105742891712346], [-85.23571658592915, 36.10575589136067], [-85.23572558558513, 36.10575589161295], [-85.23575258530758, 36.10575789141373], [-85.23576158534117, 36.10575889118737], [-85.2357555855892, 36.10561889129337], [-85.2357385860448, 36.10519889160572], [-85.23573358597339, 36.10506489155149], [-85.23573358596718, 36.105058890815386], [-85.23572358519803, 36.10482489155658], [-85.23571558579411, 36.10454889079586], [-85.23569858545063, 36.103847890983545], [-85.23570958523123, 36.10331389048095], [-85.23576058505326, 36.10302489118585], [-85.23584058582105, 36.10257789060685], [-85.23585058558294, 36.10252389053134], [-85.23587258504743, 36.10235889061055], [-85.23588558544965, 36.1022628908422], [-85.23595058593683, 36.10186589016872], [-85.23596058509038, 36.10179889087007], [-85.23596158574269, 36.10179889090082], [-85.23597858595758, 36.10170189079148], [-85.23600358566786, 36.10151889047609], [-85.23607958586727, 36.100972890757866], [-85.23610558502605, 36.10079088993614], [-85.23611358536087, 36.10074289051247], [-85.23614158596965, 36.10060588989501], [-85.2361525859807, 36.10056089001031], [-85.23664358556569, 36.10121189079854], [-85.23812858581779, 36.103177890353926], [-85.23818958604113, 36.103258890903355], [-85.23843658589195, 36.10358589044427], [-85.23849158686507, 36.10327889059817], [-85.23851458613639, 36.10316289027937], [-85.23858558597932, 36.10281489020275], [-85.23861058671089, 36.1026998902961], [-85.23861258675562, 36.10268589068594], [-85.23862058681718, 36.102645890907915], [-85.23862458637673, 36.10263289082542], [-85.23872158654973, 36.10215689060384], [-85.23881058593406, 36.101726890789706], [-85.23885458618066, 36.10151489031393], [-85.23889758624, 36.10130189028642], [-85.2390145869142, 36.10072889007996], [-85.23911258679973, 36.10025388977168], [-85.24381058806715, 36.1005458895756], [-85.2463665885692, 36.1007048902579], [-85.2469925888706, 36.095256888465286], [-85.2476855880972, 36.089216887470776], [-85.24810258761146, 36.08559688657368], [-85.24822358771472, 36.08454088639823], [-85.24817358756377, 36.084480886073145], [-85.24782158834108, 36.084167886693045], [-85.24776058821672, 36.08407988671324], [-85.24772658755343, 36.08399188662385], [-85.24771358784388, 36.08384388646777], [-85.24773358830313, 36.08360788605617], [-85.24773358768196, 36.083574886367195], [-85.24773358804764, 36.083475886411286], [-85.24769958766501, 36.08337088624417], [-85.24764458727095, 36.08327188647131], [-85.24759058797798, 36.08322288635539], [-85.24729258753855, 36.08305288594503], [-85.2471985878787, 36.082980886551304], [-85.2469945873217, 36.08277288640834], [-85.24678458799234, 36.08241588653182], [-85.24668358730243, 36.08230588620672], [-85.24635158755476, 36.08205288599914], [-85.24616158723938, 36.08180088635893], [-85.24593158700353, 36.081624885966335], [-85.24589758671866, 36.08157588576386], [-85.24588358700701, 36.081509886209886], [-85.2459105868912, 36.08125088562108], [-85.24590358732846, 36.08121288595662], [-85.2458495875009, 36.08115788605373], [-85.24578858717071, 36.08111388579785], [-85.24565358667178, 36.08105388614388], [-85.24561458666871, 36.08103088553204], [-85.2455785866234, 36.08100988560901], [-85.24532158665865, 36.08078988546718], [-85.24522058673494, 36.0807408856464], [-85.24503058688477, 36.080718886194816], [-85.24494258696141, 36.080690885510606], [-85.2448885873706, 36.08066388544337], [-85.24484758697547, 36.080624885925054], [-85.24474658678618, 36.08048288551371], [-85.24469658646892, 36.08039588560516], [-85.24465458624188, 36.08032088595918], [-85.24463058672173, 36.08027888613888], [-85.2445505871746, 36.08008788616698], [-85.2445185862515, 36.080009885647826], [-85.24451658689402, 36.08000588582547], [-85.24450158702926, 36.07997188541263], [-85.24442158718506, 36.07986888610092], [-85.2443655865459, 36.07979588597809], [-85.2442905860835, 36.07961988571295], [-85.24428458712576, 36.07953188609301], [-85.24429058624136, 36.07943288576135], [-85.24430858638993, 36.079393885432246], [-85.24431158620358, 36.07938888586868], [-85.24433158702229, 36.07937288540518], [-85.24437958676027, 36.07924088541293], [-85.24446058626611, 36.07909288526325], [-85.24449458631081, 36.07894988559829], [-85.24452158632293, 36.078685885697446], [-85.24451058630781, 36.07859288503289], [-85.24450758705687, 36.07855988543133], [-85.24449458687914, 36.07852088547638], [-85.2443855869789, 36.07835088561648], [-85.24435858669071, 36.07828488545514], [-85.24434558679238, 36.07821388527351], [-85.24435158649493, 36.07814188568049], [-85.24438558641862, 36.078042885064185], [-85.2445275870581, 36.077850885053586], [-85.24454758701572, 36.077778885752224], [-85.244547586481, 36.07768588549782], [-85.24453458651178, 36.07761488532631], [-85.24440558700138, 36.077240885255144], [-85.24426358613181, 36.07704888524535], [-85.24423558595106, 36.07695488476895], [-85.24423558688316, 36.07686188540432], [-85.24426958621986, 36.07675788534601], [-85.24426758597198, 36.076744885250974], [-85.244256586444, 36.0766748853824], [-85.24417458650952, 36.07655388536243], [-85.24399158637065, 36.076378884894915], [-85.24392458606084, 36.07628488490039], [-85.24388758578547, 36.076204885263245], [-85.24386358649599, 36.076152885450604], [-85.24385658663154, 36.07610888483496], [-85.24389058574556, 36.07590588469284], [-85.24388258602399, 36.075869884847116], [-85.24386958614635, 36.07580188495539], [-85.24380258622591, 36.07575188485633], [-85.24373458633573, 36.075718884848875], [-85.24347758640617, 36.07564788489936], [-85.24341658625364, 36.07562088524857], [-85.24331458601388, 36.07552688514391], [-85.24324658624484, 36.07534588524254], [-85.24319958642216, 36.075268885175625], [-85.24316758566036, 36.07523188468635], [-85.2431045861056, 36.0751588849937], [-85.24292858540655, 36.075037885086424], [-85.24289858632503, 36.07502188448978], [-85.24279258531978, 36.07496688457544], [-85.24272558606505, 36.07490088509586], [-85.2426985855387, 36.07484088436624], [-85.24268458616683, 36.07473588466678], [-85.24267858562135, 36.074593885052764], [-85.24267758617634, 36.07454988508919], [-85.24268458582165, 36.074389884588456], [-85.2427115856772, 36.074279884315544], [-85.2427385862161, 36.074202884712804], [-85.24292058597085, 36.073933884652185], [-85.24312358567016, 36.073603884462266], [-85.24317158545293, 36.07351088443217], [-85.24320458583047, 36.07337888429748], [-85.24319158538384, 36.07329088468934], [-85.24314358532327, 36.07320888423525], [-85.24311058633795, 36.073176884098025], [-85.24310358548296, 36.07316988399704], [-85.24288658535392, 36.073027884257954], [-85.24275158548849, 36.0729178848572], [-85.24269658617257, 36.072854884476655], [-85.24260858511626, 36.07275288436394], [-85.2425815853996, 36.07269288447843], [-85.24253458540421, 36.072571884072865], [-85.24253458601535, 36.07243988402779], [-85.24255558546731, 36.07224888416525], [-85.24256158539409, 36.072203884461715], [-85.24260858546516, 36.07213188468337], [-85.24269658606201, 36.0720388846643], [-85.24280458603367, 36.07196188460334], [-85.24314958574908, 36.07180188403087], [-85.24337958597734, 36.07171988381342], [-85.24359658639368, 36.07165388418823], [-85.24368458638463, 36.07161488416746], [-85.24375858587608, 36.07155488364751], [-85.24383958543902, 36.071460884408516], [-85.24388058547618, 36.071383883998294], [-85.24393258542348, 36.07107188378773], [-85.24396158626462, 36.07090588420898], [-85.24400158622439, 36.07075788384193], [-85.24408258635835, 36.070520884105925], [-85.24412158580834, 36.07044988355529], [-85.24415058582878, 36.070394883969065], [-85.24422458622466, 36.07033988351257], [-85.24431258648572, 36.07029588358315], [-85.24436058593137, 36.07027388387855], [-85.24446858625404, 36.07023588380593], [-85.24504358593603, 36.07009288349993], [-85.24522658671187, 36.07004788345759], [-85.24528858643454, 36.07002688404957], [-85.24542258682753, 36.06998188335836], [-85.24556458641389, 36.069915883876], [-85.2456525863865, 36.06985588328534], [-85.24574758621435, 36.06976788371881], [-85.24582158624739, 36.0696688840501], [-85.2459095861221, 36.06952088319957], [-85.24601158609994, 36.06928288329088], [-85.24604458590336, 36.069206883888796], [-85.24613258592615, 36.06908088333645], [-85.24622058677866, 36.06892188381889], [-85.24626058628219, 36.0688228830573], [-85.24632858611525, 36.06845488368246], [-85.24637558609709, 36.06838288330699], [-85.24653758617997, 36.068195883433475], [-85.24662558651279, 36.068069883406], [-85.2466865864511, 36.067909882878], [-85.2468825870318, 36.066893883360784], [-85.24699858614433, 36.06647288287665], [-85.24701758618065, 36.066404882987776], [-85.24706658706702, 36.06624688293187], [-85.24721258649865, 36.065777883016324], [-85.24726658668524, 36.065525882504296], [-85.2473145862535, 36.06518988301371], [-85.24731058623699, 36.06513988240658], [-85.24730058701799, 36.064992882653954], [-85.24728958614246, 36.06494588288447], [-85.24725958615693, 36.06481088237712], [-85.24715758658346, 36.06442688250561], [-85.24712558607835, 36.06434888236504], [-85.24698858645998, 36.06400888278811], [-85.24698158649036, 36.063937882276605], [-85.24698858591952, 36.063832882421295], [-85.24702858597855, 36.06372888275433], [-85.24710958604665, 36.06360288270892], [-85.24742758590828, 36.06322888267991], [-85.24744758655565, 36.06317888228746], [-85.24745458687273, 36.06312388238427], [-85.24744758677532, 36.0630468819957], [-85.24738658682335, 36.062860882161296], [-85.24732058629411, 36.062691881845964], [-85.24728558629687, 36.06260188212674], [-85.24723058599417, 36.062497882120766], [-85.24714258624043, 36.062365881976014], [-85.2469915857974, 36.06217088184168], [-85.24675458586239, 36.06186388237758], [-85.24672258569917, 36.06182288186441], [-85.24660058594594, 36.061640882400745], [-85.24645158634098, 36.061316881467754], [-85.24638358575224, 36.060970881549835], [-85.24637858616332, 36.0607888814428], [-85.24637658653772, 36.06069588184485], [-85.24639758567848, 36.060519881943435], [-85.24639658622726, 36.06040288180421], [-85.24639658602675, 36.06034988138029], [-85.2462755857876, 36.0602068821161], [-85.24601058528012, 36.05995488203756], [-85.24590958547907, 36.05981188131701], [-85.24582858590755, 36.059674881168306], [-85.24573458516946, 36.059408881591395], [-85.24571258623165, 36.059344881120204], [-85.24561058544391, 36.058877881217526], [-85.24544758602636, 36.0579708817026], [-85.24538058555079, 36.057778880965856], [-85.24533958525595, 36.057718881232816], [-85.2452515857392, 36.057619881206584], [-85.2451295852188, 36.05751588140472], [-85.2450145855577, 36.057438881164515], [-85.24489258550398, 36.05737788084987], [-85.24454758484991, 36.057235880760985], [-85.24441858488646, 36.05715888141468], [-85.24426358469339, 36.057020880792514], [-85.24414158502798, 36.056883880963866], [-85.24403258512848, 36.05674088152609], [-85.2439085850688, 36.05651288076119], [-85.24382958532877, 36.0563678809813], [-85.24371458540813, 36.056180881258314], [-85.243355584682, 36.05566988098215], [-85.2432945845296, 36.05552688111727], [-85.24328058449707, 36.05547188107988], [-85.24326058478397, 36.055389881208306], [-85.24325358525103, 36.05524688057028], [-85.24327358466823, 36.05505988071099], [-85.24330758492252, 36.05492288051943], [-85.24337558428252, 36.05477988115247], [-85.24366858489964, 36.05432788067941], [-85.24376758491057, 36.05417588063199], [-85.24392958504002, 36.053938880965966], [-85.24406458486023, 36.053812880767225], [-85.24413958458922, 36.053790880131764], [-85.24422658538585, 36.05379088045402], [-85.24430858474975, 36.05380688064549], [-85.24437558520911, 36.05382888038333], [-85.2449245853214, 36.05413688054491], [-85.24506658542849, 36.05419688047003], [-85.24520858482484, 36.05421888082909], [-85.24532358547243, 36.05420788058285], [-85.24540458478029, 36.054179880774214], [-85.24558058517886, 36.05403688035357], [-85.24570858559123, 36.05389988020832], [-85.2459055859287, 36.05365288080726], [-85.24595258502764, 36.05357588002078], [-85.24596558497214, 36.05352588013261], [-85.2459525856647, 36.05348188061723], [-85.2459255854935, 36.053432880553764], [-85.24587758590647, 36.053377880771], [-85.24581658495933, 36.05333888047261], [-85.24568858487477, 36.053295879991154], [-85.24534958474209, 36.053278880141036], [-85.24528358524167, 36.05328088052111], [-85.24507958462496, 36.05328988030338], [-85.24476158515975, 36.053317880297854], [-85.24466658496651, 36.053311880791206], [-85.24456558506571, 36.05329088034115], [-85.24447058454375, 36.053251880745485], [-85.24441658513649, 36.05321388079717], [-85.24435558451499, 36.053136880350266], [-85.24433458460885, 36.05306488049687], [-85.24435858503283, 36.05287688069805], [-85.24436158485294, 36.05285088008396], [-85.24444958455692, 36.05260888037215], [-85.24454458451008, 36.05244388045987], [-85.24465258515258, 36.05232388058784], [-85.24479458502353, 36.05220788000375], [-85.24487558445526, 36.052158880424564], [-85.24500458516286, 36.0521418799806], [-85.24541058547491, 36.05211387970084], [-85.24559958523794, 36.05206988020453], [-85.2457415850729, 36.05197087959736], [-85.24578858541697, 36.05191588031922], [-85.24584958480247, 36.051822879984016], [-85.2458565853974, 36.05179488006076], [-85.24587658475718, 36.05172387967253], [-85.24586258475419, 36.051597879637704], [-85.24578858529759, 36.051492880094926], [-85.24570058489064, 36.0514328800579], [-85.24549758519468, 36.05133988024083], [-85.2452405855231, 36.05124087998082], [-85.24509858509242, 36.05119687994058], [-85.24469858490092, 36.05113088032922], [-85.244576584574, 36.05110387992487], [-85.2444285849198, 36.05104887995754], [-85.24432658492428, 36.05099387983257], [-85.2442385842165, 36.05092288022737], [-85.24416458473458, 36.050839880222014], [-85.24410958495419, 36.05075787990189], [-85.24408258466035, 36.05063687956498], [-85.24408258516877, 36.05056588018677], [-85.24409658452981, 36.05051088004503], [-85.244251584887, 36.05026887967959], [-85.24429258513064, 36.05018587980755], [-85.2444545846161, 36.04970287933437], [-85.24453558485915, 36.049586879619035], [-85.2446035847359, 36.04952087963603], [-85.24467758493053, 36.04947187956547], [-85.24475158503931, 36.04943887921159], [-85.24481958514143, 36.04942187973263], [-85.24502958433158, 36.049443879257375], [-85.2451575849312, 36.04947187939298], [-85.24523958505708, 36.0495048791961], [-85.24534058524668, 36.049580879662344], [-85.24541558477182, 36.04966387982347], [-85.2455705845273, 36.04987287956306], [-85.24570658534441, 36.04992187975272], [-85.24584758510254, 36.049952879795185], [-85.24602458502416, 36.04999287989597], [-85.24647058560272, 36.05016288000491], [-85.24680358507749, 36.05035387991095], [-85.24712058524514, 36.05053687999656], [-85.2472495858735, 36.05058587975765], [-85.2473985853242, 36.0506298795175], [-85.24754058619519, 36.050618879951834], [-85.2476415857686, 36.05055287972133], [-85.24770258625972, 36.05049787966624], [-85.24778358609572, 36.050392879896314], [-85.2478515860171, 36.050239879886135], [-85.24788458622507, 36.05012387941089], [-85.24794558587033, 36.04956387923086], [-85.24794758595979, 36.04952187972898], [-85.24795258577561, 36.04939287907876], [-85.2479455858411, 36.049200879747815], [-85.24793158616394, 36.04915687956895], [-85.24788458554895, 36.04910187954701], [-85.24782358610139, 36.04905287946922], [-85.2477355858611, 36.049024879497225], [-85.24763458584783, 36.049013879616126], [-85.24727558524725, 36.04897587902412], [-85.24720058597823, 36.04895387955775], [-85.2471535851356, 36.048920878914785], [-85.24708558491459, 36.04883887892783], [-85.2469365854102, 36.04854787925022], [-85.24671358565335, 36.04826187957181], [-85.24669258554238, 36.04821287926255], [-85.24668558539511, 36.04815787912541], [-85.24669258512408, 36.04808587887307], [-85.24672658479378, 36.04798687879175], [-85.24685458568129, 36.04770687895291], [-85.24691558492013, 36.04760287952653], [-85.24696958478619, 36.04752587874953], [-85.24699258563561, 36.047500879079195], [-85.24703758554189, 36.04745387928067], [-85.24707758500946, 36.047420878664006], [-85.24755858549946, 36.04713487942139], [-85.2475855852548, 36.0471128788753], [-85.24762558542446, 36.0470798789823], [-85.24763758549982, 36.04706387932585], [-85.2476665849316, 36.047030879237916], [-85.24770658551714, 36.0469478791443], [-85.24772758547566, 36.04687087931223], [-85.24773358535106, 36.04684987876477], [-85.24773358582486, 36.04679987858992], [-85.24773358501501, 36.04677287852469], [-85.24769958498786, 36.04667887854012], [-85.24764558570733, 36.04660787908683], [-85.24758458519219, 36.04655287892658], [-85.24739558517183, 36.04645987851405], [-85.24715158565694, 36.04641587916337], [-85.2469265852978, 36.046390879253444], [-85.24689458522995, 36.04638787895767], [-85.24644758513071, 36.0463778788228], [-85.24640758472587, 36.04636687895719], [-85.24631958458687, 36.04630587883336], [-85.24629858524109, 36.04626787872739], [-85.24627858501245, 36.0461468792859], [-85.24627858495953, 36.04603687904347], [-85.24629858503535, 36.04599287857432], [-85.24635958514763, 36.045915878564585], [-85.24645458553249, 36.04582787903411], [-85.24656958472342, 36.045761878873655], [-85.24681958506606, 36.045673879139876], [-85.24726558549293, 36.04545387853463], [-85.24750958498589, 36.04534987887191], [-85.24763158571196, 36.045277878242764], [-85.24781458527029, 36.04518787815646], [-85.24788858514913, 36.045151878170685], [-85.24805458568615, 36.045083878569436], [-85.24817258512881, 36.045035878225825], [-85.2483145860883, 36.04494787843174], [-85.24840258567598, 36.04486587867792], [-85.24847658584004, 36.04471687856985], [-85.24850358595948, 36.04462887874071], [-85.24851058568954, 36.04456887816803], [-85.24846958503939, 36.04437687842608], [-85.24844658555143, 36.0443288780633], [-85.24831358518735, 36.0440528779389], [-85.24824558574068, 36.043947878368144], [-85.24802258573408, 36.043706877881846], [-85.24798158508705, 36.04362987859899], [-85.24799658523982, 36.04358187823113], [-85.24805558518665, 36.04340987833046], [-85.24813058587327, 36.04331587802131], [-85.2483265855963, 36.043145878237844], [-85.24836658523057, 36.04308487846207], [-85.24846158540994, 36.04285487835916], [-85.2484885855814, 36.042711877894995], [-85.24849558513984, 36.04260187797454], [-85.24845458555356, 36.042507877717], [-85.24842058487303, 36.04238787818416], [-85.2484275850417, 36.042326878052975], [-85.2484475849596, 36.04224487771377], [-85.24852858494015, 36.042057877502764], [-85.24869058569405, 36.041782877835004], [-85.24872458530025, 36.04170587768501], [-85.24874458516867, 36.041601877580945], [-85.24873758505505, 36.04152987816162], [-85.24868358584126, 36.04130487751453], [-85.24866958504339, 36.04114287798957], [-85.24866958566169, 36.041139877582495], [-85.2487305854278, 36.0407938776159], [-85.24885858579178, 36.040491877387055], [-85.24901458594644, 36.04034587732803], [-85.24908858513044, 36.04027687747427], [-85.24922358540886, 36.040172877318305], [-85.2493455858488, 36.04016687766912], [-85.24944258534954, 36.040175877453116], [-85.24962958582255, 36.04019487780673], [-85.24997458611114, 36.04025487710702], [-85.25012358543636, 36.04029087742379], [-85.25018058563157, 36.04031187718892], [-85.25023558554054, 36.040343877404716], [-85.25033858628868, 36.04035787723705], [-85.25045458610181, 36.04039687774511], [-85.25072458561081, 36.040420877486476], [-85.25088758596277, 36.04043887762536], [-85.2510185863432, 36.0404538774238], [-85.25109458616323, 36.04046587734656], [-85.2511415866217, 36.04046887783501], [-85.25133658637522, 36.04050787720897], [-85.25136858613715, 36.04052787746696], [-85.25202358663414, 36.03733887696221], [-85.2539905864543, 36.027770874778575], [-85.25464758612304, 36.02458287389475], [-85.25468558645333, 36.02439987421041], [-85.25485858618795, 36.0235708740708], [-85.25507658563963, 36.02252187359906], [-85.25636558636758, 36.01634087281], [-85.25679658655278, 36.01428287231729], [-85.2570995860831, 36.01279187130816], [-85.25801158601872, 36.008320870642166], [-85.25831658615274, 36.00683087044868], [-85.25851058634603, 36.00587986977891], [-85.25909158625421, 36.00302686953747], [-85.25928658612732, 36.00207586948488], [-85.25932958584058, 36.00186386916204], [-85.25945858648087, 36.00122886940717], [-85.25950258643773, 36.00101786927566], [-85.25965758598792, 36.00025786879148], [-85.25969658600656, 36.000071868788446], [-85.26013958638703, 35.99798386807104], [-85.26030058638742, 35.99722686848155], [-85.26041158598687, 35.996651868105374], [-85.2591155851963, 35.99661486859576], [-85.25501258418255, 35.99649986802424], [-85.25488558472328, 35.99649686874575], [-85.25506758438662, 35.995094868569865], [-85.25531158454646, 35.993229868183846], [-85.25581758422324, 35.988847866636085], [-85.25586858361582, 35.9884148668116], [-85.25701658386619, 35.97849886512327], [-85.25981758447068, 35.97875586426584], [-85.26421058566993, 35.97916086430924], [-85.2642635863067, 35.97917486459989], [-85.2644225861196, 35.979216864416905], [-85.26447658594141, 35.979230864408194], [-85.26769858650248, 35.98019386429906], [-85.27736659029175, 35.98308486481075], [-85.2779535897434, 35.98326086519938], [-85.28058959056166, 35.98404886513165], [-85.28068759052842, 35.98407786510684], [-85.28098159085756, 35.984164864552696], [-85.28108059121288, 35.98419486521885], [-85.28146459101158, 35.984308864866925], [-85.28197259094041, 35.98446086446506], [-85.28261659205681, 35.98465386497019], [-85.28300059164984, 35.984768864635186], [-85.28520459196518, 35.985427864726525], [-85.29181659471432, 35.98740486537395], [-85.29402059550159, 35.9880648646565], [-85.29455559525263, 35.98822386491851], [-85.29599159522542, 35.98865286503991], [-85.29616359609282, 35.98870386480825], [-85.29669959583241, 35.98886386536853], [-85.29820259688262, 35.989308865104434], [-85.30264159758669, 35.99062586482206], [-85.30271459819183, 35.99064686514934], [-85.30421859876385, 35.99109286487122], [-85.30563559923037, 35.99147486543096], [-85.30988860013565, 35.99262086529795], [-85.31130660073799, 35.99300386525383], [-85.31131460027908, 35.993740865511874], [-85.31134160082847, 35.99589886558155], [-85.31134160059275, 35.995954866041664], [-85.31135160072539, 35.996692865989665], [-85.31135960109488, 35.99736786616454], [-85.31138360143892, 35.9993958665092], [-85.31139260081756, 36.000071867028936], [-85.3113926014833, 36.00013186650698], [-85.31139760142578, 36.00031186647283], [-85.31139960083128, 36.000371866559775], [-85.31141760077324, 36.001896866983955], [-85.31147360089442, 36.00647986841155], [-85.31149460199555, 36.008009868100935], [-85.31151060132677, 36.00958286840538], [-85.31157160202766, 36.01430886948351], [-85.31159460217154, 36.01588687011352], [-85.31161060220614, 36.017170869926], [-85.31166060217798, 36.021026871290125], [-85.31167960278522, 36.022313870938234], [-85.31168260228026, 36.022570871481214], [-85.31142260217074, 36.022569871499265], [-85.31064260246936, 36.02256987130369], [-85.31055860258328, 36.02333487175488], [-85.31050260203935, 36.023849871731734], [-85.31026260192388, 36.02548287233843], [-85.30954460197817, 36.030382872708266], [-85.30936760221974, 36.03159887321602], [-85.30978860206827, 36.03163687320118], [-85.31073460251409, 36.031721872808845], [-85.31357560389625, 36.03198187329197], [-85.31452460428766, 36.03206887276656], [-85.31728460451227, 36.03231987336245], [-85.32537460735007, 36.03305887289039], [-85.32543360711499, 36.03287287291654], [-85.3262826070484, 36.030233872162555], [-85.32700860723176, 36.03059587224152], [-85.32918860792223, 36.031681872289326], [-85.32991560799896, 36.0320448723028], [-85.33005160847677, 36.0321138725651], [-85.33025160796913, 36.032212872809566], [-85.33031160837429, 36.03224187278729], [-85.33031360902886, 36.03224187219038], [-85.33037660903996, 36.03227387208174], [-85.33056260868828, 36.03236687251193], [-85.3325046088611, 36.033335872325644], [-85.33256860927939, 36.03336787299011], [-85.33266360919437, 36.033414872453214], [-85.33275860970124, 36.0334628722765], [-85.33295560941804, 36.03356087255081], [-85.3331526096206, 36.03365887250087], [-85.33324460961181, 36.03370787288616], [-85.33333660972399, 36.03375687229949], [-85.33337260922798, 36.03377587240326], [-85.33403561018093, 36.03412687273376], [-85.33425760973671, 36.0342438730344], [-85.33638961052802, 36.03535587256588], [-85.34278561267745, 36.038691873693786], [-85.34491861320136, 36.03980387314346], [-85.34692961391173, 36.04085087337352], [-85.35296261634133, 36.0439968735066], [-85.3549746163697, 36.04504587423584], [-85.35505961622744, 36.04508987396016], [-85.35531961686007, 36.04522587419807], [-85.35540661670319, 36.04527387437102], [-85.35662361727447, 36.045899873891], [-85.3566726170835, 36.04591187384224], [-85.36081661858262, 36.04690787409356], [-85.36219961912313, 36.0472418745461], [-85.36550261958031, 36.048036874001], [-85.37262562131818, 36.04975387428744], [-85.37218562173159, 36.05239487485624], [-85.37237562160232, 36.05239187447421], [-85.37497662262241, 36.05235887444684], [-85.3757726231664, 36.05240887441643], [-85.37640362257073, 36.05248387423026], [-85.37829662322073, 36.05271087449662], [-85.37892762392036, 36.05278687501725], [-85.37900462434744, 36.05279587455352], [-85.3822366244287, 36.05311287432595], [-85.39060762779836, 36.0539358740567], [-85.39212862814384, 36.0543058744642], [-85.39536062834168, 36.055091874509316], [-85.39534462921759, 36.05528887412105], [-85.39532862877878, 36.05535387456606], [-85.39535162902042, 36.055443874872864], [-85.39539562855043, 36.05550087460432], [-85.39544862878587, 36.05554487430235], [-85.39551962897112, 36.05557487450439], [-85.39559462871726, 36.05558687447737], [-85.39573662842221, 36.0555878749034], [-85.39594762850395, 36.05561287426162], [-85.39598362849948, 36.055619874688325], [-85.39606262935365, 36.05564287474624], [-85.3962076291472, 36.055700874138545], [-85.39629062940209, 36.05574387461344], [-85.39642762964911, 36.055849874727755], [-85.39656462893933, 36.05597987492708], [-85.39693062938095, 36.05636187494868], [-85.39726662944983, 36.05666887499712], [-85.39754962981654, 36.05690287479442], [-85.39812963007968, 36.05732587453347], [-85.39814463012056, 36.0573368747786], [-85.39821162934741, 36.057389874837426], [-85.39834162952323, 36.057504874911636], [-85.39845662969735, 36.05762987450777], [-85.39848662945083, 36.05767687466975], [-85.39859562947655, 36.05781787438147], [-85.39868562981792, 36.05796687451417], [-85.39874762944851, 36.058106874393275], [-85.39876863027087, 36.05816687474033], [-85.39880062959003, 36.05829587529977], [-85.3988076305082, 36.05835687472458], [-85.39880062945882, 36.058718874775046], [-85.39878362957067, 36.05896687497762], [-85.3987926302909, 36.05905287510655], [-85.39879962980763, 36.05909587501787], [-85.3988246298849, 36.059137875062724], [-85.39883863023992, 36.059175875329956], [-85.39889963031905, 36.05924787471164], [-85.39899063055795, 36.059320875367554], [-85.39910763014302, 36.059381875224084], [-85.3992396296909, 36.05942887531784], [-85.39935363057035, 36.05945387541914], [-85.39941763071016, 36.059463875002685], [-85.39956362972904, 36.059473874786214], [-85.39979363043405, 36.059459875206784], [-85.4000146309455, 36.05945987505708], [-85.40036463004567, 36.059465875354796], [-85.40052263107167, 36.05945887513069], [-85.4006746301917, 36.05943187516231], [-85.40088963013922, 36.059374875372455], [-85.40108063051532, 36.059312874606974], [-85.4012116306609, 36.059263874785444], [-85.40130863055523, 36.05922487510109], [-85.40181763069742, 36.0590558749243], [-85.40220363113751, 36.0589468746992], [-85.40246863060288, 36.058859874868546], [-85.40266763084279, 36.05873387520185], [-85.40272863072633, 36.05868787505999], [-85.40280563114793, 36.05864687516418], [-85.40284263066775, 36.05863087507159], [-85.40293563124739, 36.05861087491052], [-85.40302663126417, 36.058606875134], [-85.40312163128809, 36.05862287470605], [-85.40323263175513, 36.05867287495728], [-85.403307631368, 36.05875387491458], [-85.40335463142068, 36.058850874568286], [-85.4033696308555, 36.05889387504989], [-85.40337763129828, 36.05893487518953], [-85.4033766311045, 36.05897687445914], [-85.4033546315771, 36.05917387489932], [-85.40333163150095, 36.059305874469906], [-85.40331663089452, 36.059347874727564], [-85.40331563130893, 36.05943487497246], [-85.40333163108235, 36.059520875128065], [-85.40338563122614, 36.05971087476275], [-85.40339363138962, 36.05977587510993], [-85.40339363119838, 36.059842874553674], [-85.40337663108555, 36.059976874913126], [-85.40336263116295, 36.06004687481882], [-85.40334763121497, 36.06009187544193], [-85.40331663187972, 36.060256875450214], [-85.40330263114231, 36.06030287512539], [-85.40330263138743, 36.06038887537197], [-85.40331663162094, 36.06047687546737], [-85.40333163147612, 36.060511875265675], [-85.403431630953, 36.06068787490991], [-85.40357663132899, 36.06091987562324], [-85.40360063189783, 36.06098187543213], [-85.40362263112209, 36.061022875400496], [-85.40364863128542, 36.06114487525274], [-85.40366163118239, 36.061246875344736], [-85.40364563176871, 36.06136987510696], [-85.40362963161107, 36.06154887504509], [-85.40364463195229, 36.06173087550236], [-85.40364463206839, 36.06178987514728], [-85.40366163135667, 36.062066875065284], [-85.40365363189568, 36.06213587539501], [-85.40365163144251, 36.062218875254594], [-85.40366063118667, 36.06230087503744], [-85.40370563151762, 36.062544875158366], [-85.40373763136303, 36.06263087593237], [-85.40383563119558, 36.062990875188476], [-85.40385063212638, 36.06313087588591], [-85.40385063181955, 36.063162875848626], [-85.4038506313227, 36.063272875326994], [-85.40384363183793, 36.063307875283215], [-85.40384363201971, 36.063345875972296], [-85.40380563181246, 36.063545875927744], [-85.40379063195586, 36.06359687549366], [-85.40374463173688, 36.063706875449036], [-85.40364363139983, 36.063879875870214], [-85.40356063222842, 36.06400987596459], [-85.40350463180391, 36.064114875604616], [-85.40341463157087, 36.064297875884975], [-85.40340863209563, 36.06432487558683], [-85.40337263149947, 36.0644178762603], [-85.40332163139996, 36.06460787596162], [-85.40326463161416, 36.064931876207204], [-85.40319563114072, 36.06522487604157], [-85.40315763161595, 36.065415876438195], [-85.40308863158263, 36.06565787635361], [-85.40301963201728, 36.06592487592351], [-85.40296463120902, 36.066251876283374], [-85.40292063220525, 36.066587876292964], [-85.40288263212656, 36.06680787612282], [-85.40287363114938, 36.06685887641608], [-85.4028676317568, 36.06696587637118], [-85.40286763212966, 36.06704987654529], [-85.40288363224334, 36.06719387665406], [-85.40308063190095, 36.067951876736565], [-85.40310163226536, 36.06808187673319], [-85.40310363143732, 36.06808987647511], [-85.40312563163269, 36.06827387706568], [-85.40312663209102, 36.06836487699373], [-85.4030656314958, 36.069003876719194], [-85.40304363208371, 36.06946487665829], [-85.40304563197648, 36.0700138773133], [-85.40306463142389, 36.0702908767665], [-85.40309663219438, 36.07054287690927], [-85.40311863199814, 36.07078287745199], [-85.40315663180286, 36.070993877432244], [-85.40324363218713, 36.071409876988966], [-85.40325463241912, 36.071480877402884], [-85.40326363226205, 36.07187187772896], [-85.40327963168274, 36.07194287764309], [-85.40328163266102, 36.07196587736352], [-85.40328763227139, 36.07201787749126], [-85.40333963216139, 36.07221087781156], [-85.4033706326731, 36.07226587765038], [-85.40339363250818, 36.072317877185014], [-85.40343463246343, 36.0723728778235], [-85.40355963264639, 36.072518877977615], [-85.40376863200689, 36.07278187744711], [-85.40385863197855, 36.072908877354365], [-85.40390363205957, 36.07301987780661], [-85.40391963184739, 36.07307687805725], [-85.40406663277476, 36.07309287789284], [-85.40415563226209, 36.07310987790748], [-85.40432463238211, 36.073160877347966], [-85.40438663301806, 36.07318487739808], [-85.40457163264216, 36.07326887743139], [-85.40480863216484, 36.07338987723504], [-85.40491463292274, 36.0734438778811], [-85.40501863273971, 36.07350387737886], [-85.40507763247682, 36.073533877389096], [-85.40532663275611, 36.07367887783599], [-85.40559663237111, 36.07383587817231], [-85.40622963327837, 36.07423987797173], [-85.40631763365674, 36.07429587786529], [-85.4065076334965, 36.0744598780088], [-85.40558063342296, 36.07455287771782], [-85.40113263154603, 36.076288878598724], [-85.39278462933721, 36.07954887941173], [-85.38510862729223, 36.08230588031993], [-85.3800206265603, 36.084133880648864], [-85.37976462580126, 36.08428888062496], [-85.37976462606471, 36.08431288073966], [-85.37974762593814, 36.08439588113808], [-85.379730626348, 36.084431880826855], [-85.3797106256857, 36.08446188059245], [-85.37968962605167, 36.084481880951344], [-85.37966962628715, 36.084516881000795], [-85.37963562570039, 36.084562881200156], [-85.37960662579353, 36.08464688063499], [-85.37959762579203, 36.08469288057866], [-85.37959562635153, 36.084773880691934], [-85.37963462655668, 36.08500988071231], [-85.3797106265326, 36.08521088069667], [-85.37988962678227, 36.08556088138105], [-85.3799766267298, 36.08574288113796], [-85.38007162644118, 36.08588088105637], [-85.38011162624657, 36.08591988127683], [-85.38017362658516, 36.08597088152578], [-85.38029962614577, 36.08611288095247], [-85.3803526266335, 36.08618388104871], [-85.38042962608218, 36.08632388092002], [-85.38049362659893, 36.08646488105913], [-85.3805426264771, 36.086635881498985], [-85.38058862653938, 36.086931881688685], [-85.38058062634316, 36.08697188160831], [-85.38058162680981, 36.08701588166715], [-85.38055062613981, 36.08709788188223], [-85.38052662634031, 36.08713888112913], [-85.38046062638642, 36.08721288111981], [-85.38036362661231, 36.08728288142744], [-85.38010162588355, 36.08743588192508], [-85.37988062691407, 36.08764188140456], [-85.3798416265779, 36.08770688186718], [-85.3798256264101, 36.087785882081526], [-85.37982962676327, 36.08782988134685], [-85.37984062680889, 36.08788088167875], [-85.37987962609924, 36.08794788126993], [-85.37997562607096, 36.088167881749094], [-85.380106626152, 36.08836288132171], [-85.38022862658678, 36.08857288219031], [-85.38031462615483, 36.0888168815112], [-85.3803146266193, 36.08891788213734], [-85.38029162622043, 36.0890118815021], [-85.3802376261793, 36.08911188174929], [-85.38006762660629, 36.08935088159089], [-85.38002262637643, 36.08943888155022], [-85.37999962654183, 36.08949988152806], [-85.37998662635043, 36.089549882373255], [-85.37994762701545, 36.08989588180861], [-85.37994062649213, 36.090109881744354], [-85.37994062651738, 36.090209881922334], [-85.37993262650505, 36.0902578823982], [-85.37990262601484, 36.09035788241081], [-85.37972062631555, 36.090639882057694], [-85.37963562633516, 36.0908078824216], [-85.37962762626542, 36.090850882592605], [-85.3796276269738, 36.09095188227285], [-85.37964262684243, 36.09104088202336], [-85.37967162602348, 36.09110088223854], [-85.3797086268744, 36.09119788222496], [-85.37978762623946, 36.091348882759945], [-85.37983362625803, 36.091417882188985], [-85.3798876260755, 36.09148488225198], [-85.38000262657042, 36.091608882593036], [-85.38034962712712, 36.09188988238856], [-85.38053562654625, 36.09202788243452], [-85.38072462657125, 36.09218688289511], [-85.38084762681797, 36.09231488278467], [-85.38104562672775, 36.09244688256131], [-85.38109762656796, 36.092488882127036], [-85.3812176273138, 36.09255688274624], [-85.381353626852, 36.092614882759264], [-85.38158162732219, 36.09267388263768], [-85.38166862716922, 36.0927168825111], [-85.38171762716685, 36.092746882163034], [-85.38179462726211, 36.0928068827989], [-85.38184662745645, 36.09287888278719], [-85.38203362741481, 36.093083882789394], [-85.38207862778548, 36.09312688251576], [-85.38223062726084, 36.09323188299895], [-85.38229062700815, 36.09326088247049], [-85.3824296279183, 36.09331488234528], [-85.3826336272076, 36.09338288269525], [-85.38269362718226, 36.09339388259947], [-85.3828076273279, 36.09342688231487], [-85.38290862730665, 36.093473882494955], [-85.38317662734805, 36.09367788287037], [-85.38337662730918, 36.09386988233864], [-85.38344962760354, 36.093932882509115], [-85.38358762832034, 36.094034882325715], [-85.38380762757748, 36.09414388303648], [-85.38397662787247, 36.0942218830325], [-85.38428762862071, 36.094407883074176], [-85.38439362786147, 36.09450088244303], [-85.38450662818305, 36.09460688318932], [-85.38459462827574, 36.09471088248915], [-85.38481962865373, 36.09499988328191], [-85.38497862873545, 36.095161882794336], [-85.38515962891691, 36.09533788290392], [-85.38528662807799, 36.09550488312331], [-85.38535562845638, 36.09561188265847], [-85.3854966280967, 36.09576488330584], [-85.38579362836344, 36.09595388314548], [-85.38595062867898, 36.09603088276438], [-85.38606662915919, 36.096080883064765], [-85.38635562839274, 36.09617488339972], [-85.38654062839797, 36.096216883137515], [-85.38660262849609, 36.096220882941786], [-85.38672262870816, 36.09620888266368], [-85.38678462911545, 36.09619788336953], [-85.38689362945063, 36.09616188283045], [-85.38711962932265, 36.096059882641626], [-85.3871656295222, 36.09603288262269], [-85.38726562877385, 36.095996882869485], [-85.38733362941501, 36.095973882671956], [-85.38740962900798, 36.09595088251432], [-85.38749362908897, 36.09593488258674], [-85.38764662949676, 36.095919882830685], [-85.38811662981313, 36.09588888272684], [-85.38827962920215, 36.095891882683105], [-85.38844662990775, 36.095911882718376], [-85.38855162888431, 36.095932883110486], [-85.38867162904941, 36.095958883122904], [-85.3887886294936, 36.09598088327762], [-85.38898562937995, 36.09603688279616], [-85.38915162911395, 36.096099882879024], [-85.38922662950493, 36.0961378828633], [-85.38929863014381, 36.09615888309732], [-85.38946762937123, 36.0962288828057], [-85.38953462928222, 36.09625988335188], [-85.3896376302259, 36.09631988252399], [-85.38970663016325, 36.09637388279529], [-85.38979162961554, 36.09645488324233], [-85.38991962936596, 36.096605883223866], [-85.39000363042021, 36.09672888323802], [-85.39008462984411, 36.09690888259552], [-85.3901666302645, 36.09707788329815], [-85.39017762977868, 36.09712188323524], [-85.39023663006623, 36.09725188300646], [-85.3903056303995, 36.097365883420025], [-85.3903676295296, 36.097450883259164], [-85.39041762997473, 36.097506883411484], [-85.39043463022323, 36.09753188325775], [-85.39052263001166, 36.09771188341363], [-85.39053763013634, 36.097790882862775], [-85.39051463036948, 36.097906883116124], [-85.39049863003883, 36.09794288293509], [-85.39047562988053, 36.09797788300827], [-85.39041563058721, 36.098041882897434], [-85.39021862957213, 36.09818588289686], [-85.38995263018417, 36.09835688359035], [-85.38967762975041, 36.098514883234365], [-85.38936463035785, 36.09867988380738], [-85.38917762994676, 36.09877388321764], [-85.38900162972777, 36.098834883865514], [-85.38881762957095, 36.09887688362011], [-85.38863762930634, 36.0989028832354], [-85.38833962902065, 36.098904883456974], [-85.38815362904165, 36.09891088330151], [-85.3878976297264, 36.09892988354791], [-85.38775462916801, 36.09895488356958], [-85.38766862949652, 36.098975883709585], [-85.3875266294631, 36.09901988378413], [-85.38738562893056, 36.09908488393773], [-85.38730862914218, 36.09912788366458], [-85.387079629287, 36.09927488393548], [-85.3870346292961, 36.09930888377773], [-85.38699462948533, 36.09933188374124], [-85.38690662963764, 36.09936288361685], [-85.3868986293533, 36.09936588383994], [-85.38684062903785, 36.09937888363335], [-85.38672062870653, 36.09939488389521], [-85.38665162887004, 36.09939788390743], [-85.38654462861041, 36.09939088381937], [-85.38650262923855, 36.09938388357021], [-85.38641862906155, 36.09936288372988], [-85.38634062848375, 36.09934888390983], [-85.3860896292901, 36.09931888369551], [-85.385830629303, 36.09930288405336], [-85.38506462864686, 36.09931788373027], [-85.38481262853543, 36.099335883896465], [-85.38455362796142, 36.09937788387775], [-85.38443762872656, 36.099403883895945], [-85.38422962789535, 36.09950088415976], [-85.38405562853904, 36.09959688427928], [-85.38388662866075, 36.099701883672026], [-85.3837866281638, 36.09977288428142], [-85.38373962861608, 36.09980988383636], [-85.38359462819639, 36.09990988352168], [-85.38345662857972, 36.10002488357152], [-85.3834106285254, 36.10008988436929], [-85.38338762801729, 36.10013188418252], [-85.38335862864925, 36.10021888364828], [-85.383350628523, 36.10026088444831], [-85.38335162855184, 36.10031288403331], [-85.38336962857126, 36.10041388446189], [-85.383426628543, 36.10061088425483], [-85.3835106285152, 36.10075588427224], [-85.38354062850544, 36.10084688419049], [-85.3835716286001, 36.100978884532545], [-85.38358062880994, 36.10107188426847], [-85.38359562830514, 36.10192988476552], [-85.38355662873762, 36.10246388441655], [-85.3835496281177, 36.102871884666094], [-85.38353962788587, 36.10293488480179], [-85.38351862834334, 36.10301088454887], [-85.38348462802382, 36.10309088437316], [-85.38341762854166, 36.10321288423257], [-85.38338562786113, 36.103255884379735], [-85.38300762810839, 36.10385188433218], [-85.38289162776425, 36.103974885050086], [-85.38281862793927, 36.10403088519614], [-85.38273262818005, 36.10408788496621], [-85.38267262794609, 36.104112884687666], [-85.3821496286489, 36.10438688452506], [-85.38187662853335, 36.10454788502496], [-85.38165662791911, 36.104693884591924], [-85.38160362810646, 36.10473488481819], [-85.3815346280929, 36.10480488523559], [-85.38147262804932, 36.10489188526753], [-85.38143662786429, 36.10497688531056], [-85.3813896276866, 36.10514888464052], [-85.38136662747301, 36.10529688539938], [-85.3813606278641, 36.10536588489016], [-85.38132862848389, 36.10548288526769], [-85.38123762748452, 36.10564788482911], [-85.38119962812864, 36.10569888484306], [-85.38075762793471, 36.1061408848911], [-85.38050462740694, 36.10638588529303], [-85.38009462801278, 36.10681588547843], [-85.38005262805868, 36.106860885519254], [-85.3797276278582, 36.107189885843084], [-85.37942262798562, 36.107522885293], [-85.37937062713314, 36.10758688562373], [-85.37933562746662, 36.107645885744006], [-85.37924762710416, 36.10784788559507], [-85.37919262729937, 36.10798488606615], [-85.37902162761225, 36.10835388597822], [-85.37889862723848, 36.10864388578098], [-85.3788556278081, 36.10872188572486], [-85.37882462778543, 36.10876088633038], [-85.37871262790362, 36.108858886046654], [-85.37866362739636, 36.1088858862778], [-85.37811062778411, 36.10907188590525], [-85.377908627113, 36.10914988569986], [-85.37754262714633, 36.10926888581863], [-85.37741462723825, 36.1093208864563], [-85.37738062700264, 36.10934888650085], [-85.37737062688294, 36.10937388572764], [-85.37736962712303, 36.10939288568613], [-85.37737662718901, 36.1094198860747], [-85.37757462677969, 36.10936688582828], [-85.37830462682315, 36.10915588599967], [-85.37873062782727, 36.109040886077196], [-85.37881962727276, 36.10902388595989], [-85.37903662801659, 36.10898888584781], [-85.3791846280576, 36.10897888567048], [-85.37946562724326, 36.10898188555796], [-85.37964562744598, 36.10899888572451], [-85.37975362811079, 36.10901988563808], [-85.37986462749078, 36.109046886219296], [-85.38030962807996, 36.109177885915145], [-85.38083962776179, 36.10933488581762], [-85.38113162850728, 36.10940288573153], [-85.38125162784962, 36.10942388638041], [-85.3814766281373, 36.10944688550098], [-85.3816376281012, 36.10945388567571], [-85.38194362871616, 36.109441885525676], [-85.38243662847518, 36.109403886129876], [-85.38268262893233, 36.109396886255254], [-85.38291262872485, 36.10940688581233], [-85.38294162904539, 36.10941288614462], [-85.38335062906643, 36.10944488578866], [-85.38352962917335, 36.10945488567332], [-85.38389562938586, 36.10944588564403], [-85.38413062908111, 36.109418885989136], [-85.38429362875974, 36.10938888572186], [-85.38456962944845, 36.10931588542885], [-85.38465562872085, 36.109286886001705], [-85.38520662927748, 36.10906188609262], [-85.38545662934294, 36.10896988581852], [-85.38561662925528, 36.10892488574492], [-85.38586062962911, 36.108860885417485], [-85.38608762918543, 36.108816885599815], [-85.38628863011931, 36.10878588549025], [-85.3869806298872, 36.10874788589769], [-85.38805363062264, 36.10870188589363], [-85.38868862987354, 36.10868388571326], [-85.38921763032238, 36.108663885373126], [-85.38934763022125, 36.1086598858855], [-85.38985963062913, 36.10864488523331], [-85.3901306303217, 36.108669885428725], [-85.39037863117325, 36.108705885045524], [-85.39068163136457, 36.10876488577779], [-85.3909066307091, 36.108824885213146], [-85.39110163078215, 36.108885885500825], [-85.3919366309788, 36.10912888548004], [-85.39211663089536, 36.109165885148556], [-85.39216763154613, 36.10917388501013], [-85.3923296314038, 36.1091988851478], [-85.39253863145143, 36.10921488557601], [-85.3927886311205, 36.109208885649394], [-85.39302763166828, 36.10918688546554], [-85.39323763179083, 36.10915588572917], [-85.39339863218336, 36.10912288531741], [-85.39346463216681, 36.10910988564965], [-85.39461163228532, 36.10877088529149], [-85.39634163196443, 36.10826588538552], [-85.39697463299183, 36.10808888525139], [-85.3971346324468, 36.10804488475872], [-85.39816463247168, 36.10773688506589], [-85.39829563300637, 36.107697884581626], [-85.39869163263018, 36.1075808846063], [-85.39873063268146, 36.107569885259004], [-85.39882363356, 36.107542884441806], [-85.39866463338056, 36.10776188473691], [-85.39833963358365, 36.108179884804265], [-85.39810263254407, 36.10849788464172], [-85.39775063260376, 36.108950885268385], [-85.39746863332186, 36.10930188536274], [-85.39719363319415, 36.109663885521684], [-85.39685563247004, 36.11006888505832], [-85.39662163242397, 36.11038888510285], [-85.39643863232467, 36.11061388552968], [-85.3963286330093, 36.11077488594371], [-85.39604463211705, 36.11122688607562], [-85.39596663240013, 36.111342885521736], [-85.395761632004, 36.11173188611059], [-85.3957156325693, 36.11184088600381], [-85.39555063234461, 36.11226788586855], [-85.39536663210295, 36.11271488584333], [-85.39527563288209, 36.11289888626112], [-85.3952106329374, 36.11299488628731], [-85.39513463294479, 36.113096885844975], [-85.39501163197572, 36.113230886233396], [-85.39494763281284, 36.11328788597153], [-85.39483163186412, 36.11337588622202], [-85.39466663243617, 36.113473886094965], [-85.39457463224277, 36.11351888619053], [-85.39440663261551, 36.11359088613476], [-85.39422963209935, 36.113646886359696], [-85.3940406325673, 36.113684886265865], [-85.39358763255947, 36.11373788625782], [-85.39314063193811, 36.11377188622378], [-85.39294863161244, 36.113802886283956], [-85.3927666321025, 36.113848886654516], [-85.39250463215639, 36.11394788679087], [-85.39215863124325, 36.114137886083185], [-85.3916136311369, 36.11445888618685], [-85.39114863089911, 36.114675886381235], [-85.39091863122698, 36.11482088679349], [-85.39082063112598, 36.11491688633233], [-85.39066563085233, 36.11509488648494], [-85.39061063131062, 36.11516588644635], [-85.39046863148064, 36.11538588720032], [-85.39042263082207, 36.1154988866531], [-85.39035263159211, 36.11577088665464], [-85.39030163149677, 36.11604988726383], [-85.39027863154125, 36.116141887062305], [-85.39023463143283, 36.11625088678977], [-85.39016963109141, 36.11638888682581], [-85.39013263137153, 36.116455886693636], [-85.38992463115392, 36.11690588685568], [-85.38983263112337, 36.117110887488536], [-85.38962563139668, 36.1175328869979], [-85.38947663079945, 36.11784088704116], [-85.38916963057207, 36.11832188761484], [-85.38905663151205, 36.118597887785576], [-85.38900363109751, 36.11882188751821], [-85.38895063052198, 36.11918588763392], [-85.38892063070112, 36.11952488765825], [-85.38890463091673, 36.120104887545786], [-85.38892363135311, 36.120180887754444], [-85.38894263109384, 36.120233887577335], [-85.38898863142494, 36.12031788811472], [-85.3891796311566, 36.12050888795019], [-85.38927163115306, 36.120565887661904], [-85.38939463176652, 36.120608888005464], [-85.38946763081806, 36.1206268881217], [-85.38952263098152, 36.12063488765532], [-85.3896356317724, 36.12043888740257], [-85.38978463152637, 36.12013588757898], [-85.3900116316157, 36.11974188796277], [-85.39047663116055, 36.11886488766219], [-85.39067063186923, 36.118516887463485], [-85.39067763155286, 36.11849888752844], [-85.3908116317824, 36.11820388772741], [-85.39098963137178, 36.11773988762385], [-85.39103963129492, 36.11763588755208], [-85.39106863168159, 36.11755688720181], [-85.39110763125959, 36.1174858874155], [-85.39117663142689, 36.11739388715802], [-85.39126763116009, 36.11731388743086], [-85.39135263168592, 36.11725788700359], [-85.39142863157261, 36.11721488697766], [-85.3915026320563, 36.11718288672269], [-85.39162363127438, 36.11714688661484], [-85.39173263121418, 36.117127886903084], [-85.39189063182661, 36.11711688686022], [-85.3920116319456, 36.11711888748547], [-85.39213663157733, 36.11712588675623], [-85.39231263205717, 36.117154886874154], [-85.39303463245122, 36.11726188694143], [-85.39331263194131, 36.11729688664466], [-85.39379563193884, 36.11739288660407], [-85.39392863187676, 36.11742888740453], [-85.39415563248733, 36.11750688710792], [-85.39427363210234, 36.117555886891274], [-85.39443663306459, 36.11763488681391], [-85.39462163231416, 36.11770288697892], [-85.39481563239559, 36.11775388721888], [-85.39531263304292, 36.117848886914956], [-85.39574563284566, 36.11794288710492], [-85.39651863266184, 36.118088887082415], [-85.39670663374416, 36.118105887234485], [-85.39689663353076, 36.11810588744154], [-85.39705363375211, 36.1180908866149], [-85.39708163375624, 36.11808888696261], [-85.39726463386846, 36.11805088745952], [-85.39810363364823, 36.11779488699333], [-85.39853863333255, 36.11764988687754], [-85.39862563386306, 36.11762588726898], [-85.39879863425553, 36.11758488663598], [-85.3990576334083, 36.11753888679969], [-85.39921263357884, 36.11751788697695], [-85.39934363426883, 36.117510886722904], [-85.39940263430402, 36.1175028870377], [-85.39973163353424, 36.11749188716487], [-85.40055063440025, 36.117498886571944], [-85.40090463389448, 36.11748088681871], [-85.40092163482105, 36.1174808865383], [-85.40113763399282, 36.11746288648934], [-85.40175563460866, 36.11741788673299], [-85.4021756352681, 36.117403886857495], [-85.4025696345156, 36.11736988646965], [-85.40291763458089, 36.11733888634938], [-85.40337063537069, 36.117281886617604], [-85.40382363474941, 36.11718888671098], [-85.40398663486388, 36.11717088637648], [-85.40407263525792, 36.117169886390236], [-85.40420763482476, 36.11717888641489], [-85.40444063529459, 36.117232886563166], [-85.40445263503418, 36.11723588665031], [-85.40478163560337, 36.11731988654562], [-85.40495763552528, 36.117368886257566], [-85.40503063529364, 36.117379886732856], [-85.40508563559412, 36.11739488654315], [-85.4051556357641, 36.11741988687236], [-85.4052396353311, 36.11745988660308], [-85.40533563551244, 36.11752088641029], [-85.40535963579211, 36.117536886882306], [-85.40540763593403, 36.11757888648114], [-85.40558163527115, 36.11777788702376], [-85.40580363550274, 36.117978886650526], [-85.40604863570087, 36.118128886385655], [-85.40624163603329, 36.11827888651676], [-85.40640163566549, 36.11843988703986], [-85.40646063570425, 36.118505887030345], [-85.40650663588335, 36.11850188642536], [-85.40651863639972, 36.11850288639457], [-85.40657863605315, 36.11851288644377], [-85.40662563626766, 36.118531886569045], [-85.40667163616575, 36.1185598863249], [-85.40668063625797, 36.11856788698992], [-85.4066956366252, 36.118581887167814], [-85.40671063579899, 36.11860288658582], [-85.40671963650894, 36.118612887164744], [-85.4068736362171, 36.11878188692619], [-85.40726463638886, 36.11931188705389], [-85.40727063595837, 36.119318886941144], [-85.40737963611238, 36.11943488663759], [-85.40751063610135, 36.11954188698195], [-85.40770263669891, 36.119661886490036], [-85.40794863703195, 36.11983088679487], [-85.4080756364327, 36.119907887103125], [-85.40837063662478, 36.12010788723491], [-85.40851963653071, 36.12019988661523], [-85.40857963712614, 36.12021488679584], [-85.40869763627079, 36.120226887050535], [-85.40882863706584, 36.1202228867167], [-85.4089216365868, 36.12020788662619], [-85.40907063659763, 36.120207886629856], [-85.40915263681977, 36.12021388698837], [-85.40925663739239, 36.120229887349744], [-85.40960463726483, 36.12030988694754], [-85.40966263725542, 36.120320886884336], [-85.40991363758728, 36.12036888719736], [-85.41015363740982, 36.12040388738878], [-85.41037463758829, 36.12045188694323], [-85.41054763707729, 36.12045888721146], [-85.41083563797376, 36.12047088682458], [-85.41089363777708, 36.12046188704264], [-85.41096663695856, 36.120426886811806], [-85.41104763712258, 36.12039388675992], [-85.4111206378382, 36.12037588705104], [-85.4112036370948, 36.12037588664699], [-85.41123363699549, 36.12037988689891], [-85.41130163786558, 36.12038988668575], [-85.4114216376366, 36.12039088685685], [-85.4114796372941, 36.120384887112074], [-85.41169563743199, 36.120354886699154], [-85.41186663804194, 36.12034888716307], [-85.411951637529, 36.12035988695286], [-85.41203363738938, 36.120387887088306], [-85.4121056374618, 36.120424887155984], [-85.41223863812293, 36.12048388694679], [-85.41232763820064, 36.120545887051605], [-85.41252063785664, 36.12066788719721], [-85.41261663769032, 36.12075588668424], [-85.41269763837356, 36.120859887166], [-85.41276263756338, 36.12098188730888], [-85.41279363768317, 36.12107088694365], [-85.41282263790416, 36.12112088711441], [-85.41288163764307, 36.121201887276136], [-85.41293063810228, 36.121237887142904], [-85.41295463838645, 36.12124988715342], [-85.41299063827421, 36.12126788670686], [-85.41314563770788, 36.121388887044304], [-85.413226638248, 36.12144588697072], [-85.41355163877456, 36.12158188693202], [-85.4135676379026, 36.12158588702768], [-85.41362063863349, 36.121597887289546], [-85.41371563852887, 36.12162288695225], [-85.41376863841577, 36.12166088689489], [-85.41378863802227, 36.12169088722619], [-85.41381663809301, 36.12175188675513], [-85.41386763836688, 36.12182888737403], [-85.41389263811732, 36.12187588734501], [-85.41397663851538, 36.1219708870281], [-85.41398363865832, 36.12197788692741], [-85.41419163811597, 36.1221788874424], [-85.41427163830623, 36.12227788713302], [-85.4143636390993, 36.12240088718176], [-85.4144166383587, 36.12245188759831], [-85.41445563822329, 36.12249688699743], [-85.41452363834388, 36.12258788719812], [-85.41454663876361, 36.12261188690459], [-85.4146036382372, 36.12269788751428], [-85.41464263913709, 36.122733886804824], [-85.41473063865725, 36.12279688693934], [-85.41483563912598, 36.122886887611166], [-85.41495963840289, 36.123031887297444], [-85.41507363874152, 36.12314088684095], [-85.41519963935194, 36.12327188758559], [-85.41521663873944, 36.12329488740145], [-85.41524863863684, 36.12333988774533], [-85.41532963882672, 36.123419887435034], [-85.41547863847728, 36.12358688777502], [-85.41550863916869, 36.12363488768663], [-85.41560963850381, 36.12375288774048], [-85.41569563922653, 36.12386388702132], [-85.4157646386797, 36.12395288780357], [-85.41583463919712, 36.124033887442565], [-85.4158756386671, 36.1241068875693], [-85.41594763869267, 36.12420288758258], [-85.4159766396307, 36.12424188788979], [-85.41598963889378, 36.12428288723915], [-85.41601263909142, 36.124327887055145], [-85.41595963950923, 36.124315887868775], [-85.41589063946861, 36.12430088747619], [-85.41580163933426, 36.124297887885135], [-85.41578163864213, 36.12429788745846], [-85.41574863912746, 36.1242948877465], [-85.41575863955329, 36.12435088769235], [-85.41576763951362, 36.124609887601075], [-85.41578363903106, 36.12506988751234], [-85.41581563874388, 36.12512788754145], [-85.41583163935252, 36.12517588804736], [-85.41585663890581, 36.12520388796967], [-85.41588363895995, 36.125278887782365], [-85.41591663907694, 36.12533788762256], [-85.4159366391206, 36.12543088786001], [-85.4159566397489, 36.12548288770229], [-85.41596063948906, 36.12552088731693], [-85.41597463925078, 36.125644888178606], [-85.41597263965504, 36.12572688738985], [-85.41594663946258, 36.125760887945496], [-85.41592063879123, 36.12582288812131], [-85.4160296388848, 36.125871887708946], [-85.41609263907696, 36.1259078882051], [-85.41613863910085, 36.12594188759369], [-85.4161756398585, 36.12598188820141], [-85.41620463886379, 36.126011887480914], [-85.41623663984366, 36.12607388810627], [-85.41628563889518, 36.126184888075656], [-85.41636763922895, 36.126292887849544], [-85.41653463952552, 36.12642188812469], [-85.41657563905429, 36.12646988775016], [-85.41660863966818, 36.126532888099064], [-85.41662463914902, 36.126573888342705], [-85.41662064003091, 36.126729888007354], [-85.41661863916241, 36.12684888775699], [-85.41663463909988, 36.12696588812258], [-85.41666363904471, 36.12702788762256], [-85.4166616394908, 36.12713688782847], [-85.41665563992822, 36.12724188779908], [-85.41663163921888, 36.12766688785977], [-85.41660863905129, 36.12784788772485], [-85.41660163906552, 36.127881888358594], [-85.41656163954737, 36.12809288843063], [-85.41663063972359, 36.12813388811166], [-85.4167096401543, 36.12818888859349], [-85.41696163991281, 36.12832788860472], [-85.41709763992756, 36.12840388798587], [-85.41729563977081, 36.12852088783664], [-85.41748064043702, 36.128621888417086], [-85.41761564000745, 36.12870188849652], [-85.4179726400863, 36.128934888647706], [-85.41814564044388, 36.129064887978345], [-85.4181516396952, 36.12906988829137], [-85.41850663970266, 36.12935888809187], [-85.41856063982831, 36.129400888650395], [-85.4189876402238, 36.12977088818272], [-85.41903364018778, 36.129806888125806], [-85.41918264056733, 36.12993988871941], [-85.42013164111955, 36.13078788891945], [-85.42019264054166, 36.13085188888568], [-85.42039864085814, 36.131086888474876], [-85.42051164127997, 36.13121888884177], [-85.42061264113343, 36.13132788887776], [-85.42108564108737, 36.131758889180915], [-85.42111564138432, 36.13178588900861], [-85.42132964081364, 36.131975889137394], [-85.42159664103717, 36.13220888904386], [-85.42171864155817, 36.13233088858812], [-85.42176464188194, 36.13239588923151], [-85.42179564133194, 36.1324338890939], [-85.42186364146822, 36.13255588922784], [-85.42194964184657, 36.1328018885483], [-85.42202464152771, 36.13301688929083], [-85.42219964125294, 36.13357788915375], [-85.42222264202427, 36.13365388932196], [-85.42236764220479, 36.13407788918197], [-85.42236964174818, 36.1340838894549], [-85.4223896412705, 36.13414088919079], [-85.42239764150703, 36.13418888913792], [-85.42243764144692, 36.13427788934724], [-85.42246564210154, 36.13436888968565], [-85.42248164126096, 36.134397889622996], [-85.4225506411896, 36.134489889214805], [-85.4226496412421, 36.1345698896088], [-85.42269264136598, 36.13459488913561], [-85.42278664191247, 36.134630889239695], [-85.42285564201781, 36.13464988901156], [-85.42315364155418, 36.134699889594074], [-85.42365964153039, 36.13476188947979], [-85.42380164180163, 36.13477988912337], [-85.42393964197299, 36.13479288911844], [-85.42423664208694, 36.13482888923119], [-85.42455564247676, 36.134860889193355], [-85.42516364306792, 36.13491388883258], [-85.42530464287738, 36.13493188914682], [-85.42539564211143, 36.13494988910343], [-85.42551164308601, 36.134987889011136], [-85.42560564297709, 36.135035889026476], [-85.42564764254236, 36.135069889051444], [-85.42568664234676, 36.135099889395704], [-85.4257396426238, 36.135172888941945], [-85.42574764254417, 36.13519188959767], [-85.42577064228276, 36.13525888902018], [-85.42578564283777, 36.13534088884307], [-85.42577864286974, 36.1356138895896], [-85.4257776430415, 36.13589788904793], [-85.42579264234205, 36.13600388948394], [-85.42585364327988, 36.136156889792815], [-85.42603564306695, 36.136412889774434], [-85.42603764241709, 36.13641588967622], [-85.42647964330882, 36.136911889915694], [-85.42654064306335, 36.13698888994463], [-85.42662464281638, 36.13714888927974], [-85.42667064270786, 36.13735888938379], [-85.42665564360945, 36.13737388992307], [-85.4266476432069, 36.1374728898528], [-85.42661064276568, 36.137656889732945], [-85.42648764357509, 36.138109889830446], [-85.42640264335279, 36.13836089021736], [-85.42635164336637, 36.13849488988245], [-85.42634964335195, 36.13850288989226], [-85.4262576426978, 36.13878688993884], [-85.42624364280142, 36.138883890218345], [-85.42623664287656, 36.13897688973219], [-85.42624364319575, 36.13901588999803], [-85.42624364293218, 36.13906389032453], [-85.42625864298081, 36.13915489000431], [-85.42628964313418, 36.13923188984801], [-85.42636564301004, 36.13940688968263], [-85.42642664336377, 36.13951389002716], [-85.42650064277663, 36.139646890449214], [-85.42652564282542, 36.13969288982809], [-85.4265546434565, 36.13975388989484], [-85.42659464359699, 36.139871890275], [-85.42661664365284, 36.140035890230884], [-85.42664264325794, 36.14028688997467], [-85.42665664340892, 36.14041889043694], [-85.42665564282822, 36.14045989039627], [-85.42665564337645, 36.140482890603124], [-85.42665564280163, 36.14057788991427], [-85.4266546427762, 36.1406078899732], [-85.42664064361966, 36.14065589045005], [-85.42657364284453, 36.140756890100484], [-85.42651864280404, 36.14080289046846], [-85.42649164278407, 36.140819890615646], [-85.42645064354947, 36.140848890304945], [-85.42633664314828, 36.14091889010694], [-85.42612364285084, 36.14102789063428], [-85.42602164349148, 36.141073890737175], [-85.42583364278116, 36.141147890206526], [-85.42569764341287, 36.14118989066363], [-85.42557964287303, 36.14121889033576], [-85.42541964342922, 36.141245890077734], [-85.42504564336397, 36.14127189077398], [-85.42467964278302, 36.14129489030177], [-85.42438164253913, 36.14130289079509], [-85.42412964228221, 36.14132989060359], [-85.42406464231514, 36.141343890591706], [-85.42404264205207, 36.14135089022281], [-85.4239346422771, 36.14138889096491], [-85.42384764305858, 36.14142489105087], [-85.42372564240074, 36.14150089044484], [-85.423603642485, 36.141608890822134], [-85.42357264257122, 36.14165389053738], [-85.4235536426362, 36.14169389059507], [-85.42352164203285, 36.141739890422606], [-85.4234886427754, 36.141805890777384], [-85.42348164280882, 36.14184089027741], [-85.4234586430017, 36.14188589033349], [-85.42345364209962, 36.14190389077153], [-85.42344364267883, 36.14193589095722], [-85.42342064195354, 36.14206989059678], [-85.42338264226049, 36.14259189099942], [-85.42336964235317, 36.142869890598966], [-85.42335864276757, 36.143126891332045], [-85.42335164283712, 36.14320989109772], [-85.42335164263183, 36.14326789087604], [-85.42332564232447, 36.143585891162616], [-85.42328264302513, 36.143942891563846], [-85.42324564245875, 36.144097891170894], [-85.42319664200807, 36.14425489097763], [-85.42316764206551, 36.14429989111163], [-85.42314564207577, 36.14431789137368], [-85.42313264248133, 36.144339891198214], [-85.42307164303128, 36.14438789093105], [-85.42298764296169, 36.14442689150582], [-85.42283264275295, 36.14446189150283], [-85.42278964193876, 36.14446589109276], [-85.42261164258284, 36.14446189136283], [-85.4222146423749, 36.14437389171082], [-85.42177764159686, 36.14426789104507], [-85.42169564206812, 36.14424789112875], [-85.42084164134783, 36.14401089111444], [-85.42060264209478, 36.14394989094355], [-85.42010164179645, 36.14381289159155], [-85.41983464169958, 36.143762891302494], [-85.41965864129983, 36.14374089141586], [-85.419368641073, 36.14371389141802], [-85.41912464166163, 36.14370189107105], [-85.41896164097449, 36.143710891254756], [-85.41879664130316, 36.14372489170282], [-85.41860164170629, 36.143769891371726], [-85.4183926409611, 36.14383189133081], [-85.4182246405905, 36.14390489114224], [-85.4179576409274, 36.144060891661894], [-85.41783164072244, 36.144157891328106], [-85.41744664062196, 36.144457891786], [-85.41696964058735, 36.14480789191114], [-85.41642464009149, 36.14517089183793], [-85.41603464109477, 36.145403891755585], [-85.415394639947, 36.145742891674956], [-85.41494364041309, 36.14596089203148], [-85.41455464038755, 36.146128892138904], [-85.41397464047331, 36.14634189180088], [-85.41358563944225, 36.14647189160898], [-85.41286863970845, 36.146665892038875], [-85.41237263972238, 36.14678489190372], [-85.41178563937399, 36.14689489229487], [-85.41126663948765, 36.14698289198245], [-85.4106946386342, 36.14705189248628], [-85.41028963880883, 36.14708189243434], [-85.4095726383242, 36.147104892330944], [-85.40906763858558, 36.147100892641596], [-85.40905463839819, 36.14710089206407], [-85.4080396380237, 36.147035892068644], [-85.40757363820317, 36.14702489258646], [-85.40711663768616, 36.14704789234931], [-85.40691763812035, 36.147066892679575], [-85.40655163765456, 36.14712389240687], [-85.40619363777826, 36.14719689263915], [-85.40594163790836, 36.14725789248545], [-85.40575163802262, 36.1473058927329], [-85.40566463720572, 36.14733389273756], [-85.40562063812256, 36.14734889291338], [-85.40507963735516, 36.14753989260726], [-85.40485863754243, 36.14763589300764], [-85.40478163768924, 36.14766989273102], [-85.40459863768268, 36.147756892633275], [-85.40455063688525, 36.14778089249816], [-85.40448963684311, 36.14781289267869], [-85.40440963686812, 36.14785289237735], [-85.4043626374452, 36.14787789300384], [-85.40422463686971, 36.14794789315323], [-85.4037056375584, 36.148229892936094], [-85.40309563677133, 36.14855789317668], [-85.40277563680037, 36.14879489261845], [-85.40252563707676, 36.14899689305984], [-85.40243163707616, 36.14906589320806], [-85.40236463642803, 36.14910589283431], [-85.40217263644863, 36.1492218930299], [-85.40195163650502, 36.1493328932013], [-85.40179863698506, 36.149397893547096], [-85.40165463611031, 36.14947189325049], [-85.4011576364103, 36.1497028932376], [-85.40081463597011, 36.14985189314492], [-85.40052163608418, 36.14996889336248], [-85.39996663669852, 36.15020689330159], [-85.39898263557532, 36.15064189380262], [-85.39758763580437, 36.15121689378657], [-85.39732763559918, 36.15132789357436], [-85.39669463551509, 36.151563893662214], [-85.39626763498435, 36.15174389394487], [-85.39589463478467, 36.1519118941964], [-85.3956766349444, 36.15201189350127], [-85.3953666345939, 36.15214389399799], [-85.39526563516073, 36.1521888943664], [-85.39486863456325, 36.152378894423215], [-85.39473963520561, 36.15245889410147], [-85.39466163482483, 36.15252089443924], [-85.39458563466535, 36.15260489372298], [-85.39442563525584, 36.152880894244724], [-85.39417763449568, 36.15336089385823], [-85.39410563452437, 36.15335089429761], [-85.39376863468416, 36.15332489390193], [-85.39343863456537, 36.153334894359084], [-85.39339163446186, 36.15333089444523], [-85.3930866343181, 36.15334089433122], [-85.39288763459747, 36.153361894016776], [-85.3927856343526, 36.15338189441315], [-85.39242063425131, 36.15347289432998], [-85.39236463396237, 36.153489894041826], [-85.39219063362528, 36.153518894573494], [-85.39176763408618, 36.153554894752396], [-85.39154663422488, 36.153578894297446], [-85.39142863364724, 36.15359789448888], [-85.39138563354915, 36.153607894323486], [-85.39130963403818, 36.153627894821305], [-85.39119863424395, 36.15366389453147], [-85.39114763433369, 36.153689894562035], [-85.3910696335093, 36.153743894787915], [-85.39101963418041, 36.1537848940884], [-85.39084663398916, 36.1539418947834], [-85.3907446339823, 36.1540088942058], [-85.39064163369488, 36.15405489452381], [-85.39049763422288, 36.1540878942909], [-85.39029363356774, 36.154112894887334], [-85.39022463342174, 36.15413189451768], [-85.39011463320846, 36.15418589465676], [-85.39004563402402, 36.15423989464925], [-85.39001063395469, 36.15428689423014], [-85.38996663316296, 36.15441689496623], [-85.38989563314671, 36.15460189470721], [-85.38983363305516, 36.15474589469464], [-85.38976463302023, 36.15488389470698], [-85.38971863341025, 36.15497789519122], [-85.38964863317078, 36.15510789499057], [-85.38962363384633, 36.155134894688835], [-85.3896046336228, 36.15517589516472], [-85.38949363390967, 36.15528489450574], [-85.38938063347727, 36.155419894897896], [-85.389344633559, 36.15548189520288], [-85.38931963364972, 36.15554389528271], [-85.38929963303207, 36.15561189511096], [-85.38926963343681, 36.15569089468661], [-85.38925563307114, 36.15574789524641], [-85.38924163392714, 36.15577989484717], [-85.389200633605, 36.15593289529108], [-85.38916563304845, 36.15601589545359], [-85.38912163312233, 36.156103895305556], [-85.38909563366126, 36.15613789532349], [-85.3890866329098, 36.156165895177764], [-85.38901763348926, 36.15624689542218], [-85.38901763297591, 36.15626789478407], [-85.38888763335754, 36.156403895545694], [-85.38884063290598, 36.15644389519681], [-85.38869963300158, 36.15652889540819], [-85.38862263330758, 36.15656589502889], [-85.38850363380658, 36.15661189537577], [-85.38843963304477, 36.15662789559005], [-85.38836263360378, 36.156640895387795], [-85.38829463340403, 36.156646895600794], [-85.38823163270008, 36.156645894894815], [-85.38806263328209, 36.15663389488552], [-85.38802563321633, 36.15662289484427], [-85.38778063331911, 36.1565708950223], [-85.38774263362242, 36.15656789481636], [-85.38770063338075, 36.156552894749204], [-85.3875066329148, 36.15653689529471], [-85.38746463254918, 36.15653689481958], [-85.38727763280254, 36.15656189551444], [-85.38714963305513, 36.156593895521695], [-85.38699663261347, 36.156654895334476], [-85.38691963326957, 36.156694895070565], [-85.38682563298718, 36.15676889494306], [-85.38673863335197, 36.15684989525626], [-85.38666163251276, 36.15693189535019], [-85.38646263263053, 36.15716989532099], [-85.38635063301419, 36.15731889540815], [-85.38616763257573, 36.15757789538005], [-85.38608063261569, 36.157686895556886], [-85.38595963236901, 36.157826895462236], [-85.38589963281319, 36.15788489538451], [-85.38576963308002, 36.158023895767506], [-85.38565763269374, 36.15813189596706], [-85.38552863263402, 36.158247895611616], [-85.38539963287684, 36.158351895742726], [-85.38529963207826, 36.15842289600346], [-85.3851966327578, 36.158498895515876], [-85.38517663255502, 36.158506895953664], [-85.3849976323494, 36.158628895935415], [-85.38485963279382, 36.15870889593613], [-85.38476563281044, 36.1587488959598], [-85.38471563225553, 36.158776895551014], [-85.38468963242283, 36.15877589598123], [-85.3846466324301, 36.158802895688446], [-85.38425563196715, 36.15892189554048], [-85.38420363267191, 36.15894189595406], [-85.38411863170992, 36.158960896071704], [-85.38399163161529, 36.15899989611992], [-85.3838386326319, 36.1590398961827], [-85.38370663197671, 36.159068896157436], [-85.38363063174978, 36.159074896157904], [-85.3832936320603, 36.15906389606784], [-85.38307763199913, 36.15907089622999], [-85.38297563171169, 36.15905589603527], [-85.38288363171307, 36.15902789574493], [-85.38282463230088, 36.15899889611902], [-85.3826736319385, 36.15889389580024], [-85.38267463216032, 36.15887289615061], [-85.38264163166203, 36.15884589592962], [-85.38261663204767, 36.15878089624581], [-85.38261563184928, 36.158878895947595], [-85.38260663182231, 36.15889089614732], [-85.38259663154521, 36.15890589603006], [-85.38255963227101, 36.15892789576326], [-85.38234363121714, 36.15899489599092], [-85.3822436313813, 36.15904689607076], [-85.38215863191296, 36.159091896168995], [-85.38212063196887, 36.15914989598129], [-85.38212863161935, 36.159177895824584], [-85.38216063134462, 36.15929689618311], [-85.38198263137504, 36.15915389574972], [-85.38196463133772, 36.159142895621876], [-85.38193963177117, 36.159128896302136], [-85.38191563136468, 36.15911489578543], [-85.38185263132723, 36.159074896044814], [-85.38181363173311, 36.15904789551312], [-85.38173263196467, 36.15898389578151], [-85.38166363091266, 36.158917896288926], [-85.38153763118738, 36.15877489572077], [-85.38136063171184, 36.15854689621188], [-85.38127363089879, 36.158442895408356], [-85.38113363094722, 36.158265895574175], [-85.38094663099623, 36.15800189556181], [-85.3807426314461, 36.15769689528987], [-85.38063663071833, 36.157568895973185], [-85.38058663146575, 36.157515895793104], [-85.38042363147493, 36.157383895926735], [-85.38039463089585, 36.15736289547242], [-85.3803426312159, 36.15731889571896], [-85.3802886313632, 36.15726689599659], [-85.38025563044248, 36.15722889521683], [-85.38022963088541, 36.15719989522256], [-85.38017763116761, 36.15712689553324], [-85.38007263127766, 36.15692689551692], [-85.38004263108346, 36.156859895804445], [-85.3800106304305, 36.15679489561719], [-85.37993263097533, 36.156653895504284], [-85.37975263068765, 36.156379895717144], [-85.37935463038214, 36.155745895286245], [-85.37916263062846, 36.15546989510787], [-85.37909263004711, 36.15537989554302], [-85.37887162989898, 36.155119895349635], [-85.37871963090633, 36.154943895131254], [-85.37850963047573, 36.15473589505381], [-85.3784386303517, 36.154659895537534], [-85.37835962975325, 36.154565895331174], [-85.37831662988158, 36.15450989475814], [-85.37828463009214, 36.15445189506301], [-85.37824763030015, 36.15431589516858], [-85.37822363061773, 36.15424589491818], [-85.37816263051123, 36.1541168948978], [-85.37808662965271, 36.153993894741035], [-85.37803662984251, 36.15394189473252], [-85.37800263035692, 36.153898895155294], [-85.3777796298243, 36.15365589472309], [-85.3774376301211, 36.153292895280046], [-85.37739262985144, 36.15322389504865], [-85.37728562966088, 36.153088894532125], [-85.37716262945763, 36.15296689495146], [-85.37682862949694, 36.152690895027185], [-85.37627862910684, 36.15225489444258], [-85.3761176296641, 36.15216289502925], [-85.37593962935134, 36.15207889450302], [-85.37575362920246, 36.15200789449079], [-85.37565262874817, 36.15197589449283], [-85.37550762923294, 36.15194089443794], [-85.37525062927884, 36.15189489492128], [-85.37511862901778, 36.15188189481071], [-85.37498262862991, 36.15186389436395], [-85.37467562869026, 36.15180889509867], [-85.3742666285706, 36.15170889520415], [-85.37409062883802, 36.15167089461251], [-85.3739686286969, 36.15164589433108], [-85.37368162822577, 36.15160789494591], [-85.3735466282095, 36.15159489466563], [-85.37313562885376, 36.15159089471995], [-85.37282962881916, 36.151583894465126], [-85.37253262834004, 36.15155689525352], [-85.3723876286709, 36.151556894661965], [-85.37231262808524, 36.151563894916904], [-85.37217362803571, 36.15159089465082], [-85.3720526283226, 36.15162789457085], [-85.37195962866609, 36.15166389459415], [-85.37191462837232, 36.15168689492666], [-85.37186362839786, 36.15172489526631], [-85.37179962814734, 36.1517818950145], [-85.37175462841243, 36.15184889491771], [-85.37173162825684, 36.15189589497027], [-85.37164862837152, 36.15214389486768], [-85.37163962830894, 36.15218189479052], [-85.3716406283834, 36.152222894813164], [-85.37165462774581, 36.1522848952396], [-85.37168162819256, 36.15233089475303], [-85.3715846286799, 36.152385894798726], [-85.37129662762425, 36.15255089476266], [-85.37120062760297, 36.15260689469997], [-85.37090962760384, 36.15277289473614], [-85.37017562757535, 36.15277289554933], [-85.3696676280473, 36.15263589557672], [-85.3685666278264, 36.153002895361034], [-85.36505862664434, 36.153694895292254], [-85.36275662563534, 36.15499089572542], [-85.36181962572905, 36.15496989637039], [-85.36110362487634, 36.154954896129766], [-85.35992562535601, 36.15442189568396], [-85.35962762432764, 36.154319896051], [-85.35922962507898, 36.153891895403646], [-85.35896462491775, 36.15357089576712], [-85.35843462434984, 36.15367789627976], [-85.35790362437976, 36.15378489546049], [-85.35657862434107, 36.154212895654126], [-85.35564962390626, 36.15437289608069], [-85.35452262366802, 36.154800896143655], [-85.35366062258382, 36.155121896015196], [-85.35332962312458, 36.1556028966988], [-85.35279962288236, 36.156137896503445], [-85.35240162267127, 36.156351896746074], [-85.35200362242763, 36.1566728971507], [-85.35193762288803, 36.15790289727449], [-85.35187062231694, 36.15806389672151], [-85.3515396222573, 36.158330897498054], [-85.3511416230355, 36.1586518967712], [-85.34537362148924, 36.16335889827477], [-85.34490962059658, 36.163465898305724], [-85.34418062133815, 36.163572898002684], [-85.34351762107832, 36.16351889861373], [-85.34285462002128, 36.163625898690874], [-85.34239062087174, 36.16389289898836], [-85.3416616205375, 36.16421389878433], [-85.34093162007572, 36.16442789910475], [-85.34026861979625, 36.16469589893082], [-85.3398716197682, 36.16501689882097], [-85.33953961929237, 36.165497898877064], [-85.33920861982662, 36.16624689879336], [-85.33894262006694, 36.1667278997213], [-85.33827761980434, 36.16740989966742], [-85.33821361928267, 36.16747689907376], [-85.33774961879548, 36.16795789929374], [-85.33755061932952, 36.16854689943869], [-85.3374186198592, 36.16929489961156], [-85.33688761954089, 36.169990899984334], [-85.33595961887559, 36.17020489988762], [-85.33509761895439, 36.17041789986638], [-85.33483261918343, 36.17084590012684], [-85.3345006182673, 36.17143490006499], [-85.33436861901777, 36.17196990088913], [-85.33390461867785, 36.17228990030777], [-85.33350661883503, 36.17239690086918], [-85.33290961839951, 36.17255790080341], [-85.33251261820499, 36.17255790065631], [-85.33211461795689, 36.1728789007555], [-85.33191561754144, 36.17314590080864], [-85.33143061801685, 36.17312590046087], [-85.33145061788504, 36.17314990092478], [-85.3316246178172, 36.17336790136094], [-85.33178161754428, 36.173563901403945], [-85.33192961834523, 36.173714901105384], [-85.3319926183399, 36.17377590092951], [-85.33209061800461, 36.17385490147216], [-85.33227761834219, 36.1739849008715], [-85.33230161854009, 36.17399790091238], [-85.33237061863137, 36.174033901241806], [-85.33246761791217, 36.1740699013575], [-85.33254261823271, 36.17409590104864], [-85.33259161852999, 36.17410890137463], [-85.33269261877908, 36.17413590092224], [-85.33277861804292, 36.17415390130804], [-85.33298461825953, 36.1741779011574], [-85.33376361853466, 36.174245900692945], [-85.33418361876673, 36.17429290074355], [-85.33435261905443, 36.17429990099598], [-85.33435961824543, 36.17430090123654], [-85.33493461902485, 36.174300900959615], [-85.33556261884787, 36.17432190062308], [-85.33588261923553, 36.17434390121535], [-85.33611761892357, 36.174383901192925], [-85.33657061952336, 36.174493901185265], [-85.3366576197002, 36.174497900537425], [-85.33673161913242, 36.17449690120804], [-85.33679461934226, 36.17448790130921], [-85.33684362003049, 36.174472901392605], [-85.33691461922221, 36.174442900978605], [-85.33702761959061, 36.1743739012131], [-85.33706561985873, 36.17434890080207], [-85.33717961964254, 36.17422490074117], [-85.33735861962035, 36.17394590107813], [-85.33740961922787, 36.173878901143446], [-85.33746561980034, 36.17381590048462], [-85.33766961955608, 36.173625900808986], [-85.33775061949177, 36.17357290056738], [-85.3378706192605, 36.173506900847656], [-85.33797661983702, 36.1734579003878], [-85.33818361997477, 36.17338690053241], [-85.3387606197526, 36.17320490086062], [-85.33882161944163, 36.17318290090236], [-85.33902962031233, 36.17312890102657], [-85.33912562059463, 36.17311090038823], [-85.339183620061, 36.17310490099935], [-85.33924961965404, 36.17309890031289], [-85.33932961974703, 36.17309490040961], [-85.3396876206011, 36.17309590041151], [-85.33978162034883, 36.17310990013266], [-85.3398836204268, 36.1731339006437], [-85.33994462056067, 36.173155900494365], [-85.3400396203754, 36.17320190018113], [-85.34039162049314, 36.17346790033829], [-85.34062562102015, 36.173651900968366], [-85.34075162032964, 36.17375190071241], [-85.34081662048905, 36.173803900536704], [-85.34113262119952, 36.174026901080815], [-85.34117562091944, 36.17406190094011], [-85.34161162046524, 36.174392900420855], [-85.34172062068942, 36.17449390052774], [-85.34180762100867, 36.1746019005177], [-85.34194762095998, 36.174833900647165], [-85.34214262123649, 36.175196900865664], [-85.34233162104307, 36.17554790112225], [-85.34246562100098, 36.175738901186094], [-85.34265762074384, 36.17592590081961], [-85.34272162122045, 36.17600890101651], [-85.34278462083209, 36.17611290135345], [-85.342815621126, 36.17617690084437], [-85.34284862093577, 36.17629490108343], [-85.34289662105824, 36.17638890134765], [-85.34300462167515, 36.1765259009385], [-85.34307362137159, 36.176558901104954], [-85.34318762103537, 36.17660390120137], [-85.34331462136515, 36.17662890089725], [-85.3435106219201, 36.176636901282556], [-85.34419162227357, 36.17664090128953], [-85.34434162135112, 36.176645900659075], [-85.34459362189719, 36.176658900798316], [-85.34477262151269, 36.17668490138177], [-85.34490662248537, 36.17672390148904], [-85.34496462151124, 36.17674690089353], [-85.34503562221873, 36.17678190076687], [-85.34528762201974, 36.17694190092165], [-85.34537962170023, 36.177017900944364], [-85.34544062216737, 36.177055900706], [-85.34564662243024, 36.17720890113136], [-85.34576062238477, 36.17730390146062], [-85.34599762215689, 36.177548901127295], [-85.34623362255891, 36.17781890118553], [-85.3466076223633, 36.17826890159297], [-85.34674462248186, 36.178421901490765], [-85.34679862219858, 36.17847490103821], [-85.34697362245721, 36.178646901101516], [-85.34776762269954, 36.17935690159643], [-85.34825562269782, 36.17976090130312], [-85.34833962339195, 36.179815901567245], [-85.3482786227015, 36.179880901669094], [-85.34821362285666, 36.17995690161826], [-85.34818462300527, 36.18002190140746], [-85.34817862340797, 36.180118901938854], [-85.34818862345134, 36.18015390127009], [-85.34822962369338, 36.18023090162001], [-85.34859962380962, 36.18085790139473], [-85.34877662323849, 36.18114190142419], [-85.34895162334965, 36.181374901792985], [-85.34898862328924, 36.18144290196045], [-85.34905262391278, 36.18158590157197], [-85.34907962375875, 36.18168390198345], [-85.34910262402391, 36.18183390224448], [-85.34910762356611, 36.18196790186998], [-85.34910862369271, 36.18232990228912], [-85.34908662397469, 36.182413902428756], [-85.34905662372584, 36.182493902006705], [-85.34899562397013, 36.18266090211339], [-85.3489536230857, 36.18274990178097], [-85.34878662358932, 36.182998902264266], [-85.34864862380063, 36.18325290232602], [-85.34859662307552, 36.18337090259881], [-85.3485096234981, 36.1835099025067], [-85.34843162346861, 36.1835939022022], [-85.3483326234967, 36.18366790261178], [-85.34830162328029, 36.183681902110735], [-85.34822462341656, 36.18368890195201], [-85.34815262348924, 36.18367690232531], [-85.34810262282099, 36.183656902036795], [-85.3480566228406, 36.183632901927865], [-85.3479996231712, 36.18358890210366], [-85.34790462355588, 36.183523902315045], [-85.34785462297192, 36.18349390248603], [-85.34775162342, 36.183446902505636], [-85.34727662293696, 36.18328490208175], [-85.34716262273074, 36.18323690210346], [-85.34698862263967, 36.18314390220654], [-85.34689762291553, 36.183106901846045], [-85.34681162284389, 36.18308690182732], [-85.3466956225161, 36.18306990190802], [-85.34642462244906, 36.183040902566546], [-85.34620862287933, 36.183002902232175], [-85.34602262287488, 36.18296390230874], [-85.34587762230781, 36.182922902660316], [-85.34581962296079, 36.182911902183555], [-85.34575062299896, 36.182881902158556], [-85.34568662268786, 36.18286590227118], [-85.34557362217815, 36.18284690231942], [-85.34542862251728, 36.18284290231415], [-85.34532862265921, 36.18284990267211], [-85.34523962256779, 36.1828609019994], [-85.34511462268932, 36.18288790245554], [-85.34498262246589, 36.18290490231125], [-85.34486862234627, 36.18292390225945], [-85.34468362187715, 36.18296790239803], [-85.34461162209247, 36.18299290263579], [-85.34456462207008, 36.18301490219231], [-85.34443362200538, 36.183045902490306], [-85.34433962225155, 36.183058902733364], [-85.34424262263394, 36.18305890220672], [-85.3440366221684, 36.18303390244947], [-85.34382862220521, 36.18303090195744], [-85.34370462231179, 36.18304390266867], [-85.34352462144172, 36.18306990218366], [-85.34344662179383, 36.1830869019942], [-85.34337362168466, 36.18309690275231], [-85.34319162196627, 36.18310890249762], [-85.34294262143737, 36.1831009025452], [-85.34278262198154, 36.18310790227701], [-85.34262162226781, 36.18313190215942], [-85.3425886221354, 36.1831419021485], [-85.34229062158002, 36.18320690255483], [-85.34179262161321, 36.18330690276312], [-85.34163062118303, 36.18334490229805], [-85.34150962131805, 36.1833809027657], [-85.3412786210457, 36.18347590213794], [-85.34122862171756, 36.18350590251292], [-85.34102962160787, 36.183601902479076], [-85.34029562098635, 36.18395790238181], [-85.34018862073148, 36.18401290261243], [-85.34008562112425, 36.18407690293392], [-85.3398766204465, 36.184215902957746], [-85.33978162129942, 36.18429690300394], [-85.33956262092205, 36.18451290251163], [-85.33933462131833, 36.184776902848746], [-85.33920462040983, 36.18489490302673], [-85.33906162078587, 36.185060903106056], [-85.33893562127483, 36.18526390344567], [-85.33889762127903, 36.18537490316676], [-85.3388336209922, 36.185510902825996], [-85.33875562117473, 36.18566690305231], [-85.33854862036168, 36.186054903526845], [-85.33848762127565, 36.18623790370554], [-85.33844162090833, 36.18642890357019], [-85.33840262127102, 36.18655390314639], [-85.33839962056845, 36.18655790359992], [-85.33828162049241, 36.18684890329899], [-85.33822862037091, 36.186928902970564], [-85.33818262061494, 36.186977903544445], [-85.33809162109628, 36.18705490365019], [-85.33796162045829, 36.18712690325226], [-85.33750361997988, 36.18734090313092], [-85.335935619865, 36.188143903649525], [-85.33556762005463, 36.18831990397114], [-85.33494361936226, 36.18861990385783], [-85.33454661980369, 36.18882590363906], [-85.33454961998633, 36.18883790417155], [-85.33453761939651, 36.18896590374223], [-85.33454762031651, 36.1890189040264], [-85.33456261985052, 36.18905190415904], [-85.33455861945015, 36.1890649043514], [-85.33427961944219, 36.18980790421489], [-85.33425462024714, 36.18987690437029], [-85.33421262026295, 36.189972904307076], [-85.33418761992881, 36.19001990389574], [-85.33416961918091, 36.1900549040136], [-85.3341196198879, 36.19017190411019], [-85.33409361927743, 36.190199904205095], [-85.33407661970985, 36.190233904028894], [-85.33403462012005, 36.19027590428726], [-85.33397061948031, 36.19035790434407], [-85.33391662016504, 36.19044090405899], [-85.33389861961909, 36.19048790434825], [-85.33387361962758, 36.19052290455675], [-85.33386562006507, 36.19054990438606], [-85.33379761956188, 36.19065390444937], [-85.33373461958188, 36.190828904110646], [-85.33371361988931, 36.190908904399045], [-85.33368361979673, 36.19108990463594], [-85.33366261947484, 36.191388904479666], [-85.33359562014265, 36.191540904469015], [-85.33355262005054, 36.19159190436731], [-85.3333596197405, 36.191766904435006], [-85.33308361910298, 36.192104904544614], [-85.3329856200648, 36.19221490479641], [-85.33288461967054, 36.192358904444845], [-85.33281761993089, 36.19253090461889], [-85.33278361949132, 36.19257990451293], [-85.33269961997765, 36.192675905188835], [-85.33252561913842, 36.19279990505447], [-85.33247961966795, 36.19282690468877], [-85.33244561988172, 36.192840905162264], [-85.3322676193267, 36.19293790528219], [-85.33212261947963, 36.193038904506565], [-85.33189561872594, 36.19319890470047], [-85.33181961869595, 36.19325990463542], [-85.33174261871953, 36.193336905270606], [-85.33159061951572, 36.19347390538476], [-85.33148961883998, 36.193611905086684], [-85.33147961946077, 36.19363990487598], [-85.33142061952046, 36.19374890487166], [-85.33131161953342, 36.19386590505215], [-85.33126861927124, 36.193900905047435], [-85.33123261956187, 36.193921904961165], [-85.33117661926312, 36.19395490513259], [-85.33113361889315, 36.193989905079036], [-85.33105761914648, 36.194092904793585], [-85.33097261951349, 36.19417890559717], [-85.33086261899759, 36.194257905635666], [-85.33075261883542, 36.1943139055609], [-85.33066861890931, 36.19434790479988], [-85.33051961900064, 36.19439190530618], [-85.33044861866493, 36.19440290525889], [-85.33037161897374, 36.19443690525808], [-85.33033861898943, 36.19444390523172], [-85.33025761939325, 36.19449190559192], [-85.3301266190217, 36.19458190544513], [-85.33009261855278, 36.19464390516292], [-85.33005861839825, 36.194691905686895], [-85.33004661831527, 36.194722905342566], [-85.33004261893238, 36.194836905353675], [-85.33006361855368, 36.194990905652126], [-85.33007661922404, 36.195055905051646], [-85.33007661932304, 36.195159905296045], [-85.33005961843702, 36.19522190558593], [-85.3299576189947, 36.195347905434126], [-85.32992161875657, 36.19537990566089], [-85.3298566189732, 36.19544190539933], [-85.32974161933139, 36.19550990569021], [-85.32962861848732, 36.19556490556144], [-85.32954361824761, 36.19559890567221], [-85.32945061909682, 36.195630905578966], [-85.32926561846651, 36.195680905229274], [-85.32907761848203, 36.195709905830256], [-85.32900161837759, 36.19570990528416], [-85.32884061886315, 36.19568290562104], [-85.32880261837109, 36.195672905860725], [-85.32864361846288, 36.19564390545001], [-85.32862261816075, 36.19563690580132], [-85.32849261808575, 36.195620905708736], [-85.32820561799983, 36.19564190545258], [-85.32816261867762, 36.19565590601843], [-85.32804461792585, 36.195672905845676], [-85.32784061859307, 36.19574490535201], [-85.32773161816773, 36.19581390598026], [-85.32767161778985, 36.19586290565261], [-85.32764661848503, 36.195896905958406], [-85.32753661825436, 36.19600090555848], [-85.32733761787318, 36.19617190599647], [-85.327071617966, 36.196350905367545], [-85.32679261793015, 36.19656390538503], [-85.32672461759994, 36.196632905673724], [-85.32663961744275, 36.1967359055643], [-85.32661061808314, 36.196797906038555], [-85.32656361845407, 36.19688090627241], [-85.32652761771708, 36.19696890580712], [-85.32644061747112, 36.19718690612959], [-85.32642061815788, 36.197271906290474], [-85.32629361784944, 36.197553905798955], [-85.32625961788301, 36.1976029056271], [-85.32622561793443, 36.197629905836536], [-85.32610761788463, 36.19770990594093], [-85.32606061768882, 36.197732905882084], [-85.32599661739872, 36.19778190581676], [-85.32586161818736, 36.197857906556436], [-85.32552361827248, 36.198029905999796], [-85.32548961743893, 36.198035905879465], [-85.32543861754, 36.19805690588408], [-85.32536261780552, 36.19807790588278], [-85.32531961715955, 36.19809890636973], [-85.32517261760012, 36.19812290633233], [-85.3251166179581, 36.19812590635445], [-85.32494161808842, 36.19815190623083], [-85.32483761753349, 36.19817390656037], [-85.3246006175852, 36.198263906070544], [-85.32453761735553, 36.198302906006646], [-85.32452461767811, 36.1983119062072], [-85.3244566174566, 36.19836690602873], [-85.32434661699662, 36.19846990590571], [-85.32421961792338, 36.198649906502006], [-85.32417761698679, 36.19873190633132], [-85.32414361726553, 36.198827906845224], [-85.32412061782823, 36.19887590686151], [-85.32405061683382, 36.19893790610367], [-85.32364061714524, 36.199170906816775], [-85.32321761691838, 36.199460906961384], [-85.32291661752993, 36.19967390623369], [-85.32289361750468, 36.19968590633192], [-85.32289261709361, 36.199686906521045], [-85.31737561530521, 36.19795090631246], [-85.30817661239082, 36.19505790632408], [-85.30562661199941, 36.194326905833904]]]]}}]}