{"type": "FeatureCollection", "features": [{"type": "Feature", "properties": {"name": "District 5", "slug": "district-5", "ccd": 5}, "geometry": {"type": "MultiPolygon", "coordinates": [[[[-85.47615865738604, 36.13448188684219], [-85.47648065738501, 36.13446888687493], [-85.47699165782068, 36.13445888657045], [-85.47768965810863, 36.13445688677722], [-85.47820065810059, 36.13445688714711], [-85.47844365842634, 36.13445788650942], [-85.47848165834424, 36.134458887146856], [-85.47889365821847, 36.13446188679298], [-85.4791756579494, 36.13446988648138], [-85.47941965789816, 36.134477886481605], [-85.4793596578482, 36.1347508870759], [-85.47933965798929, 36.1348338870749], [-85.47929765775665, 36.13501588661292], [-85.47917465839069, 36.13554488675981], [-85.47910065867671, 36.13590488756538], [-85.47908565852438, 36.1359818868647], [-85.47902265825147, 36.136262887345744], [-85.47893165795786, 36.136602887714034], [-85.47892165779152, 36.13665188749582], [-85.47873365826655, 36.137587887424765], [-85.47867965857353, 36.13783488772415], [-85.47863565774828, 36.13804188731795], [-85.47859565855123, 36.138166887736546], [-85.47858265789964, 36.13822588750149], [-85.4784076583991, 36.13901188753946], [-85.47792365801052, 36.141198888322556], [-85.47788365817456, 36.1413718885685], [-85.47774965796262, 36.141962888744544], [-85.4777106586838, 36.1421378886199], [-85.4777066580746, 36.14215788826271], [-85.47768765785393, 36.14226488818823], [-85.47753365770525, 36.142966888770104], [-85.47752665797968, 36.14299988869107], [-85.47736765824487, 36.14369088905957], [-85.47706165774234, 36.145083889316915], [-85.47698865769638, 36.145390889352676], [-85.47698665833026, 36.14540088915843], [-85.47681065856038, 36.14605988945081], [-85.47676965829515, 36.14618988937761], [-85.47659565850482, 36.14674288925511], [-85.47654365815102, 36.146910889772116], [-85.47631465773725, 36.14754788930194], [-85.47603265783836, 36.14821888974735], [-85.47596465856009, 36.14836188990222], [-85.47571965818801, 36.14888688965607], [-85.47551065793641, 36.149168889713785], [-85.47528365838525, 36.14950989034665], [-85.47524665795939, 36.1495658903959], [-85.47493365741549, 36.149977890489296], [-85.47468965763998, 36.150255890208086], [-85.47439265818248, 36.15054589044401], [-85.47401865737964, 36.1508818906578], [-85.47370765798303, 36.15114889026701], [-85.47365265720109, 36.15119789055283], [-85.4736066578797, 36.15122089006218], [-85.47341565783981, 36.151403890624984], [-85.47323265743437, 36.15156389057615], [-85.47320165786405, 36.15162389071631], [-85.4731796572924, 36.151679890701416], [-85.47299165688482, 36.151588890946144], [-85.47285865710674, 36.1515258907819], [-85.47264865748713, 36.151436890707124], [-85.47241965744097, 36.151334890379694], [-85.47241765712148, 36.151333890251614], [-85.47223365677095, 36.151242890565356], [-85.47221465709585, 36.15123289093732], [-85.47215965734836, 36.15120589024969], [-85.4721416567642, 36.15119789036322], [-85.47196465696337, 36.15110689024026], [-85.47189465723656, 36.15106789024801], [-85.4717296575233, 36.150976890919075], [-85.47130265707314, 36.1507178904072], [-85.47118465651164, 36.15062889062868], [-85.47113465707504, 36.15059189029971], [-85.47094365668589, 36.15049289082143], [-85.47082965631827, 36.15042789068143], [-85.47081865701875, 36.15042289003795], [-85.47043165644516, 36.15024289025974], [-85.47030265700778, 36.15018389015283], [-85.47012265660244, 36.15010589007244], [-85.46991965690512, 36.150018890577435], [-85.46958165615915, 36.1498778906901], [-85.46940165598508, 36.14980289071024], [-85.46928865654111, 36.1497558907052], [-85.46925665594298, 36.149743890314156], [-85.46881665596247, 36.14958689020138], [-85.4687996561559, 36.149580890500765], [-85.46866765583525, 36.149542890038965], [-85.46859365586734, 36.14952189023346], [-85.46840165627287, 36.149471889964545], [-85.46831965543139, 36.14945088989187], [-85.46796865599505, 36.14937488996035], [-85.46777765554681, 36.14934089042262], [-85.46759265568912, 36.149314890483815], [-85.46747965560134, 36.1492988902311], [-85.46731965568236, 36.14929889062629], [-85.46730665539316, 36.14929389074028], [-85.46727065598024, 36.149279890300534], [-85.46725865577505, 36.14927589071421], [-85.46670965510414, 36.14921589065149], [-85.4665176558067, 36.14919589024562], [-85.46515165484392, 36.14905989013501], [-85.46506165454622, 36.14905089048553], [-85.46451265433171, 36.14899688999956], [-85.46448965512104, 36.14899389039098], [-85.4644206550468, 36.148987890013046], [-85.46439765464788, 36.14898589077788], [-85.46433265514973, 36.14897889058624], [-85.46414165497887, 36.14895789043238], [-85.46407765453576, 36.14895089003332], [-85.46270365436487, 36.14881289073597], [-85.46229865392829, 36.14877289051583], [-85.46224665388002, 36.14876789023583], [-85.46189565446134, 36.1487298903587], [-85.46154465379749, 36.14869589013814], [-85.46075865336496, 36.148611890678445], [-85.46052965337111, 36.148577890074], [-85.46025465366381, 36.14851989007005], [-85.4599726532098, 36.148439890836855], [-85.45978965286325, 36.14837189012042], [-85.45959865317211, 36.14830289075591], [-85.45911865282092, 36.14809689083876], [-85.45901865310395, 36.14805089025455], [-85.45868365267138, 36.1478718904586], [-85.45853065287066, 36.147778890797085], [-85.45836265327023, 36.147676890334424], [-85.45828665240789, 36.14763189000232], [-85.4581336524265, 36.14752489057663], [-85.45789765317559, 36.1473298905258], [-85.45750865270853, 36.146959890679916], [-85.45743965222272, 36.146883890031305], [-85.45736365256202, 36.146799889836664], [-85.45711965220725, 36.146494890531656], [-85.45706765282004, 36.14641288985752], [-85.45699765192262, 36.14631188982536], [-85.45682165196459, 36.14602188998165], [-85.45671465242684, 36.14581188987328], [-85.45660065268862, 36.145540889752525], [-85.45653965187948, 36.1453578901346], [-85.45643065211424, 36.14542789024573], [-85.45639465261365, 36.14545289032429], [-85.4563106527095, 36.14553288976425], [-85.4562726518319, 36.145624890308056], [-85.45625365265194, 36.14575189034368], [-85.45623465193427, 36.14588089025938], [-85.45616565187673, 36.146429890367386], [-85.45616365264038, 36.14644289012882], [-85.456066652024, 36.14722689061099], [-85.45602065243479, 36.147528890628585], [-85.45599065214552, 36.14768089055253], [-85.45589865207235, 36.14795589048028], [-85.45583565221538, 36.14810189057762], [-85.45578465263584, 36.14822289067286], [-85.45571565191986, 36.148355890919824], [-85.4555626517329, 36.14859689029783], [-85.45512365174554, 36.1491998911478], [-85.45494065192563, 36.14945289057887], [-85.45463965194207, 36.14984389069519], [-85.45430165215572, 36.150296891506876], [-85.45413465228172, 36.150546891432874], [-85.45397365190017, 36.15085089100201], [-85.45389965165818, 36.1510628916238], [-85.45380065170342, 36.15135289106194], [-85.45378765158382, 36.15144289131714], [-85.45376565163284, 36.151535891675145], [-85.45375165154378, 36.15162989168471], [-85.45373165224505, 36.15172089128363], [-85.45372465163175, 36.151785891654114], [-85.45352665237382, 36.1533268919941], [-85.45347965235372, 36.15369689226562], [-85.45325865166939, 36.15555789211232], [-85.45320565184973, 36.156225892495044], [-85.45320565155095, 36.15666889262516], [-85.45322065159063, 36.15698489249988], [-85.45328165235941, 36.15754189215106], [-85.45335065239661, 36.15796289228543], [-85.45340365188905, 36.158285892960286], [-85.45356865203534, 36.159173892612785], [-85.45362465262502, 36.15949289337397], [-85.4536636522147, 36.15971589284671], [-85.45370665204825, 36.159984893375636], [-85.45374765239247, 36.16023489355644], [-85.45385165201715, 36.160859892991155], [-85.45399165286088, 36.16169189323203], [-85.45402865267285, 36.162015893397495], [-85.45402865285735, 36.16223089326549], [-85.4540136526359, 36.16242189333016], [-85.45395865290475, 36.16276989403066], [-85.45392265270392, 36.16292489394236], [-85.45375465298639, 36.16383589376873], [-85.45361765273309, 36.164648894065046], [-85.4535716526857, 36.164965894124606], [-85.45355665262502, 36.16507189397228], [-85.45351065295766, 36.16538489420879], [-85.45351065239943, 36.16569389383007], [-85.45353365321486, 36.165888894251815], [-85.45357965321425, 36.166082894747035], [-85.45366365332968, 36.166326893976205], [-85.45284665239504, 36.166326894477585], [-85.45172665246677, 36.16630089476373], [-85.45160365215675, 36.166294894187], [-85.45064765218414, 36.16625489488679], [-85.45044365182669, 36.16625089472515], [-85.45002365219536, 36.16626589458607], [-85.44960465179685, 36.16629689481126], [-85.44885665120906, 36.166372894630264], [-85.44798665072689, 36.166487894278745], [-85.44759065088016, 36.16655989434922], [-85.44709465115072, 36.1666738949763], [-85.44619365065739, 36.166910894852], [-85.44551465037598, 36.167105894810604], [-85.44536265054042, 36.16715089453939], [-85.44459965039478, 36.167387894736166], [-85.44355465041951, 36.16773889506696], [-85.443122649912, 36.167879894822185], [-85.44311165011149, 36.167883895210025], [-85.44280664957384, 36.16798689522246], [-85.44243264945331, 36.16811289480074], [-85.44187564930611, 36.16831489531797], [-85.44183564921549, 36.16832989558396], [-85.44141464904055, 36.16849989560517], [-85.44141064905568, 36.168501895002315], [-85.44137064989211, 36.16851989539464], [-85.44123964934107, 36.168579895676665], [-85.4411966489918, 36.16860089501131], [-85.44094564904991, 36.16871489498845], [-85.44083864902635, 36.16876889549262], [-85.44070764920365, 36.16882189515742], [-85.44058664921285, 36.16887589545544], [-85.4405476489344, 36.16889389569827], [-85.44035364873345, 36.168986895332445], [-85.44000664885272, 36.169141895086], [-85.43979264898589, 36.16922289545753], [-85.43964364940682, 36.16925989517374], [-85.43938364861046, 36.16930589553744], [-85.43916764903656, 36.16933689563888], [-85.4388496485351, 36.16937589568017], [-85.43849464874191, 36.169407895766504], [-85.43778664820543, 36.16947389569616], [-85.43771764863251, 36.16948189556548], [-85.43735964777062, 36.169500895766774], [-85.43706364842262, 36.169500895443306], [-85.43691664860751, 36.16949689585093], [-85.43671964767606, 36.169471896042666], [-85.43658264849546, 36.16944189555767], [-85.43634464799081, 36.16937289556937], [-85.43633664804987, 36.16937089527825], [-85.43577964811216, 36.169153896106295], [-85.43546764740418, 36.16900889531969], [-85.43535964728164, 36.16894589533985], [-85.43524564817595, 36.1688908955692], [-85.43515364720541, 36.168833896009865], [-85.4349506473032, 36.168717895277496], [-85.434833647861, 36.16864289574131], [-85.43432064689492, 36.168330895313396], [-85.43397764672248, 36.16812989546028], [-85.4338446466678, 36.168061895661225], [-85.43366164681888, 36.16799089516499], [-85.43348364666089, 36.167936895697075], [-85.43337964663782, 36.16792089511228], [-85.43318264720658, 36.16790089597577], [-85.43281264646305, 36.16787889581864], [-85.43256564719069, 36.16786089581642], [-85.43233964715934, 36.167864895471794], [-85.4323286471551, 36.16786589550164], [-85.43220364641611, 36.167879895246564], [-85.43195064668377, 36.16793589575212], [-85.4317136466095, 36.16800589545154], [-85.43127864690031, 36.16815089533826], [-85.43108064636507, 36.16823889536439], [-85.43094264625594, 36.16829589540007], [-85.43088964631191, 36.16831689530276], [-85.43082864583381, 36.16834189597891], [-85.43069964644404, 36.16838789600365], [-85.4305276463166, 36.16844989577959], [-85.43012164586551, 36.16860389576668], [-85.42996764610776, 36.16865689598255], [-85.42972264581731, 36.1687418959405], [-85.42933964615828, 36.168870895709745], [-85.42910464568105, 36.16894389551829], [-85.42885264594612, 36.16900889600521], [-85.42857764575687, 36.169061895921445], [-85.42821164589152, 36.16911189558159], [-85.42778464520754, 36.16915289612997], [-85.42771564543273, 36.16916189608545], [-85.42754364516449, 36.169173896295014], [-85.42714364507803, 36.169210895786314], [-85.42665564521539, 36.169252896122856], [-85.4265256449157, 36.169264896105105], [-85.42645264506315, 36.16926889599868], [-85.42620964462468, 36.16929389638485], [-85.42607564547201, 36.16930289642251], [-85.42581764522153, 36.169328896288604], [-85.42457964414156, 36.16940989609671], [-85.42405364427702, 36.169454896103716], [-85.42355764445642, 36.1695198962556], [-85.42338964420124, 36.16954689662642], [-85.42289564455119, 36.1696588959622], [-85.42247464434064, 36.16976089617579], [-85.42181364347223, 36.169929896620694], [-85.42144464344328, 36.17003089679327], [-85.42132864361838, 36.1700688964157], [-85.42103964329615, 36.17018089654806], [-85.42078864299647, 36.17030989666651], [-85.42060364366992, 36.17042089689107], [-85.42052164310986, 36.17047789697087], [-85.42026464316584, 36.170667896581996], [-85.42011664363261, 36.17078589626149], [-85.41986064363162, 36.17100989695099], [-85.41947564345632, 36.1713318965567], [-85.4191606432274, 36.17160089732581], [-85.41815364307146, 36.17239889688954], [-85.41798464258474, 36.17253389670847], [-85.4174986426946, 36.17291489743492], [-85.41718964299578, 36.173147897015404], [-85.41682564240729, 36.17338389713259], [-85.41647464205194, 36.17357589756045], [-85.4159586424047, 36.17383889717533], [-85.41553164170709, 36.17407489766979], [-85.41552064227928, 36.17407989774398], [-85.41548764218295, 36.17409589744307], [-85.41547764249393, 36.17410189733939], [-85.41538764203341, 36.17415089799586], [-85.41511664260223, 36.17429989731347], [-85.41502764254771, 36.174349897533396], [-85.4144326422335, 36.17467389758862], [-85.41433364249173, 36.17472689773002], [-85.41426764245823, 36.17476189764729], [-85.41413164240291, 36.17483689794631], [-85.41386064232826, 36.17500189800961], [-85.41363964152552, 36.17514689817745], [-85.41335764224205, 36.175360898047636], [-85.41289964143998, 36.17573389772895], [-85.41256364143491, 36.17603189763764], [-85.41229664171352, 36.17627189798342], [-85.41222064195999, 36.17634389774734], [-85.41213864185494, 36.176422898023326], [-85.41175464137946, 36.17676089837025], [-85.41157964173169, 36.17692489832955], [-85.41135864157634, 36.177091898411085], [-85.41115964073221, 36.1772178983059], [-85.41095364115817, 36.17733689882939], [-85.41043464129562, 36.17761489845309], [-85.41033864045825, 36.17766289808036], [-85.4097716409593, 36.17795489838128], [-85.40953464119053, 36.17805789815439], [-85.40896264052034, 36.1782408986895], [-85.40811564091435, 36.178488898774], [-85.40803163983429, 36.17851489901877], [-85.40745963990582, 36.17867589914954], [-85.40692864032559, 36.17882589903496], [-85.40677264029358, 36.17887389845297], [-85.40639163971606, 36.17901889924359], [-85.40629063937554, 36.179064899125635], [-85.4062506393643, 36.17908389909488], [-85.40602563979996, 36.17919789853868], [-85.40582963964202, 36.17931889884353], [-85.40578263923467, 36.17934189911407], [-85.40544563913203, 36.17956389941598], [-85.40540064018634, 36.179600898654954], [-85.40529564001316, 36.17967089911668], [-85.40519363956528, 36.17974689949279], [-85.40509963943657, 36.17982589892539], [-85.40504063941134, 36.17986989936503], [-85.40489763947382, 36.17998889900776], [-85.40457563935342, 36.18026989927758], [-85.4044086395855, 36.18042389910398], [-85.40434663936345, 36.18047589924684], [-85.40393263943425, 36.18086489974223], [-85.40388863979848, 36.1809068989938], [-85.40365263958869, 36.18114389952521], [-85.40349963975692, 36.1812958997582], [-85.4032706393239, 36.18154789942788], [-85.40313363959145, 36.181715899817405], [-85.4028896386661, 36.18199389963975], [-85.40276763852883, 36.182138899906754], [-85.40171463902435, 36.18342089975222], [-85.4010396387154, 36.18426590019965], [-85.4010196389316, 36.184291900350445], [-85.40059963898764, 36.18485590071741], [-85.40048563829734, 36.18502590031859], [-85.40034063894254, 36.18522990060559], [-85.40020263849752, 36.18539390004248], [-85.40014263900372, 36.185453900236254], [-85.40004363829418, 36.18555690091659], [-85.39983063896882, 36.185739900508125], [-85.39942563869364, 36.18603790077355], [-85.39940963844408, 36.18604990066313], [-85.39934963859861, 36.18610290042804], [-85.39907763853952, 36.18631090057069], [-85.39875363818892, 36.18656790088523], [-85.39860963822194, 36.1866699011839], [-85.39840363851116, 36.18677790114227], [-85.39833363777616, 36.18680690068326], [-85.39817263768414, 36.18685790128851], [-85.39803863812351, 36.18689190079947], [-85.3979686383, 36.18690390071251], [-85.3978396381599, 36.1869259013263], [-85.39757163767796, 36.18694890082811], [-85.3974646383611, 36.18695290105881], [-85.39745763783921, 36.1868659006769], [-85.39746463790955, 36.18675490042106], [-85.39744463780383, 36.18650990058112], [-85.39744263726277, 36.186376900882784], [-85.39735863806654, 36.18628590032556], [-85.39728963814497, 36.18623190070742], [-85.39724363824698, 36.1862059006368], [-85.39715263763695, 36.186163900322086], [-85.39711463789479, 36.186154900821485], [-85.39708363785559, 36.18615190075532], [-85.3968836381696, 36.1861519003683], [-85.39683163790829, 36.18614890077103], [-85.39675563763454, 36.18612590050076], [-85.39666363726698, 36.18606790119077], [-85.39668663762795, 36.18620590056749], [-85.39669463708384, 36.186319901223364], [-85.3967306374393, 36.18660690112141], [-85.39674163730287, 36.18688690131072], [-85.39674763811323, 36.18694590113994], [-85.39641963785384, 36.18693790070787], [-85.3958856369811, 36.18693090107222], [-85.39581563745647, 36.1869269007071], [-85.3951876371836, 36.18692290095318], [-85.3951456374215, 36.186922901432325], [-85.3941996371647, 36.186914901083604], [-85.39409263712092, 36.186914901267855], [-85.39357363710009, 36.18691890068519], [-85.39309563663937, 36.18693490138133], [-85.39302463644826, 36.186937900704464], [-85.39255963658768, 36.1869689011003], [-85.39239963583483, 36.18697990146245], [-85.39237663640499, 36.18688090117223], [-85.39236063657636, 36.18666290135514], [-85.39230863582097, 36.18593190115618], [-85.3922986358291, 36.18570790118973], [-85.39228463639037, 36.18538890072615], [-85.39225463610823, 36.1850379009038], [-85.3922466366499, 36.18475190112522], [-85.39226163588397, 36.18468390047493], [-85.3922996358112, 36.18462290027746], [-85.39233063633269, 36.18459990042484], [-85.39238363673265, 36.18457290067771], [-85.39248263605884, 36.184557900959405], [-85.39296663683403, 36.18456690033938], [-85.3930626365642, 36.184568900723], [-85.39316963700414, 36.184553901011924], [-85.39323863682776, 36.18452290043762], [-85.39327663619, 36.18449690099966], [-85.39332963663718, 36.18442390087621], [-85.39334563687243, 36.18425990092412], [-85.3933376369834, 36.18423690039601], [-85.39334563644164, 36.18375690064597], [-85.39330663684655, 36.1836839005121], [-85.39324563692254, 36.18364190015764], [-85.39319263684365, 36.18362290031422], [-85.3929416364223, 36.18360090057162], [-85.39255163572068, 36.183576900461496], [-85.39239163562988, 36.18357390072113], [-85.39168963606826, 36.18353190085731], [-85.39149163593025, 36.18353890071485], [-85.39136163584803, 36.18357390076524], [-85.39126263589434, 36.18363490044031], [-85.39113263586204, 36.18377590027232], [-85.39096463524088, 36.18403490043644], [-85.39089663573958, 36.18409990094448], [-85.39082163591823, 36.18413690019689], [-85.39076663601968, 36.18414990081822], [-85.39039263608053, 36.18415290034173], [-85.39036663565616, 36.18415190023867], [-85.38909563538593, 36.18413390042192], [-85.3889046349108, 36.18412290098684], [-85.38894263499472, 36.183729900739536], [-85.38895663482903, 36.18361590083104], [-85.38895863531113, 36.18360790061418], [-85.38901963469117, 36.18295890020735], [-85.38903463553137, 36.18279890083143], [-85.38911963558324, 36.18209590049773], [-85.38914863553426, 36.18186489991751], [-85.38915663561599, 36.18171989977723], [-85.38917163510253, 36.18158990037207], [-85.38917063547309, 36.18153390039482], [-85.38918363556367, 36.181397900228575], [-85.3891846350428, 36.18137190049778], [-85.38919463482392, 36.181211900065186], [-85.38920963501526, 36.18107890036622], [-85.38920963452568, 36.18097990028697], [-85.3892276355156, 36.18071889979445], [-85.38923263499743, 36.180654899980595], [-85.38922563478108, 36.18053690028045], [-85.38921763554013, 36.180502899641404], [-85.38920963545478, 36.18041890010671], [-85.38917163494231, 36.18028989964718], [-85.3891326349437, 36.18019890001406], [-85.38910363547514, 36.1801448997044], [-85.38896263543181, 36.17993289958056], [-85.38886563501426, 36.17980090018929], [-85.38799363418345, 36.17874489934426], [-85.38777363445669, 36.178494899527784], [-85.38732263439663, 36.17794989989837], [-85.387253633882, 36.17787389921533], [-85.38717763469424, 36.177800899289636], [-85.38713063378017, 36.17775889921191], [-85.38697063442417, 36.17765489936939], [-85.38686663419259, 36.177599899305804], [-85.38665463466472, 36.17751589962826], [-85.38639463366967, 36.17743589959553], [-85.3862746340834, 36.177402899343356], [-85.38622163444079, 36.17738789975594], [-85.38540263367305, 36.17718389912752], [-85.38457863361077, 36.1769818997534], [-85.3833736332453, 36.1766798996792], [-85.38258363285446, 36.176488899683626], [-85.38240563335911, 36.176447899461415], [-85.38180163208764, 36.17630989962861], [-85.38153463308092, 36.17624189940383], [-85.38121463234363, 36.176149899536526], [-85.3810556324744, 36.17608789900825], [-85.38094763189576, 36.17603989947009], [-85.38084863252745, 36.17598189970296], [-85.38070363177243, 36.17588289914518], [-85.38063763253034, 36.17582489906441], [-85.38057363234093, 36.17575689895332], [-85.3804976321783, 36.175649899354006], [-85.38039063162297, 36.17540989903183], [-85.3802086318598, 36.17498789958359], [-85.38001663223297, 36.17448289950792], [-85.37993263202712, 36.17416289872569], [-85.37991763141243, 36.17398289932595], [-85.37991863149337, 36.173827899153004], [-85.37993263215121, 36.17352589870278], [-85.37995163187256, 36.173313899065924], [-85.37996363195516, 36.17309789883108], [-85.37998663235574, 36.172911898442365], [-85.37998963170155, 36.17283489875205], [-85.38001763169578, 36.172653898963254], [-85.38008363139011, 36.17245789913262], [-85.3801706324415, 36.17227689857062], [-85.38028063182588, 36.17208689890317], [-85.38037363244842, 36.17197989875046], [-85.38048663199861, 36.17188089888513], [-85.38061163212124, 36.17181289884455], [-85.38070863204473, 36.171772898571525], [-85.38079063205781, 36.17174589851187], [-85.38090463178554, 36.17172289827799], [-85.3810166326423, 36.17170989884921], [-85.38176163262, 36.17162789839084], [-85.38197863202554, 36.1715958983712], [-85.38242763201525, 36.171526898037364], [-85.38265663242011, 36.171476898815115], [-85.38273963297402, 36.17144889855125], [-85.3828386321722, 36.1714058983985], [-85.38297063229697, 36.171324898634076], [-85.38312163292055, 36.17120289851234], [-85.3831446331677, 36.17117589813488], [-85.38311363250999, 36.17112889867049], [-85.38309163317855, 36.17106189854243], [-85.38308263291442, 36.170891897989776], [-85.38307563290766, 36.17080789839671], [-85.38309163288021, 36.17067189845775], [-85.38313763216388, 36.170331898147786], [-85.383125633143, 36.170193898502404], [-85.38311063235741, 36.17012589768124], [-85.38309163236718, 36.17007689835333], [-85.38293763301496, 36.16978489779349], [-85.38290763214131, 36.16969989824356], [-85.38288663254204, 36.169603897993206], [-85.38288063215776, 36.16952689812784], [-85.38288063214007, 36.16952189795149], [-85.38288263268808, 36.16946489823896], [-85.38289563295827, 36.16939589774171], [-85.38292963206551, 36.16926789832961], [-85.38295663202545, 36.169197897798696], [-85.38299063237731, 36.169129897787684], [-85.38302963237784, 36.16906889815449], [-85.3831266329998, 36.168828897868956], [-85.38318363288973, 36.16862989767999], [-85.3831736321264, 36.168580897467066], [-85.38315063216506, 36.16854189786738], [-85.38312563267418, 36.16851389780726], [-85.38304363196644, 36.168473898153984], [-85.38297763301108, 36.16846989806996], [-85.38274463210715, 36.16846689790555], [-85.38224063170453, 36.16848289792516], [-85.38186463220165, 36.1684728976412], [-85.38155063167552, 36.16843689805138], [-85.38138463186257, 36.16839589814055], [-85.38133863162514, 36.16838789803239], [-85.38123063216514, 36.16835789762031], [-85.38101463149155, 36.16828589804967], [-85.38041063140906, 36.16802389736399], [-85.38016363163614, 36.167896897376025], [-85.37978463197904, 36.16772389799421], [-85.37963163106676, 36.167633897957515], [-85.37945063189656, 36.16753489801516], [-85.37929963092424, 36.16742789748523], [-85.37915763103669, 36.16732789807069], [-85.37904563084648, 36.16723289799259], [-85.37892363163277, 36.167117897904724], [-85.37881663066464, 36.166994897802844], [-85.37867363161193, 36.16678589808003], [-85.37861163080115, 36.16665689722482], [-85.37852363087059, 36.166424897332185], [-85.3784646314413, 36.16619189759834], [-85.37844363134424, 36.16601289774844], [-85.37844063072248, 36.16598389782084], [-85.37843563144958, 36.16589489712612], [-85.37846563140265, 36.165512897234315], [-85.37852663147096, 36.16495289699234], [-85.37857463147479, 36.16451489711459], [-85.37859763038068, 36.1643738973094], [-85.37864363042931, 36.164198896952016], [-85.37897163101995, 36.1634698965789], [-85.37938363118965, 36.162645896435365], [-85.37955863116407, 36.16235189693525], [-85.37971163150131, 36.16214289633433], [-85.3797786305931, 36.16206089619288], [-85.38014963098311, 36.16161189667805], [-85.38046663089405, 36.161249896777626], [-85.38074163158622, 36.16094889678863], [-85.38080163087687, 36.160877896071355], [-85.38124463168138, 36.16035689584173], [-85.38150463164598, 36.160024895841424], [-85.38169563133046, 36.15980389603744], [-85.38172563197894, 36.15975089613211], [-85.38176263187505, 36.15972889575821], [-85.38181763208878, 36.15969689616966], [-85.3818856310854, 36.15967789621164], [-85.3819996319335, 36.159669896435815], [-85.3822516319915, 36.15966289591157], [-85.38218063136091, 36.15942789576006], [-85.38216063134462, 36.15929689618311], [-85.38212863161935, 36.159177895824584], [-85.38212063196887, 36.15914989598129], [-85.38215863191296, 36.159091896168995], [-85.3822436313813, 36.15904689607076], [-85.38234363121714, 36.15899489599092], [-85.38255963227101, 36.15892789576326], [-85.38259663154521, 36.15890589603006], [-85.38260663182231, 36.15889089614732], [-85.38261563184928, 36.158878895947595], [-85.38261663204767, 36.15878089624581], [-85.38264163166203, 36.15884589592962], [-85.38267463216032, 36.15887289615061], [-85.3826736319385, 36.15889389580024], [-85.38282463230088, 36.15899889611902], [-85.38288363171307, 36.15902789574493], [-85.38297563171169, 36.15905589603527], [-85.38307763199913, 36.15907089622999], [-85.3832936320603, 36.15906389606784], [-85.38363063174978, 36.159074896157904], [-85.38370663197671, 36.159068896157436], [-85.3838386326319, 36.1590398961827], [-85.38399163161529, 36.15899989611992], [-85.38411863170992, 36.158960896071704], [-85.38420363267191, 36.15894189595406], [-85.38425563196715, 36.15892189554048], [-85.3846466324301, 36.158802895688446], [-85.38468963242283, 36.15877589598123], [-85.38471563225553, 36.158776895551014], [-85.38476563281044, 36.1587488959598], [-85.38485963279382, 36.15870889593613], [-85.3849976323494, 36.158628895935415], [-85.38517663255502, 36.158506895953664], [-85.3851966327578, 36.158498895515876], [-85.38529963207826, 36.15842289600346], [-85.38539963287684, 36.158351895742726], [-85.38552863263402, 36.158247895611616], [-85.38565763269374, 36.15813189596706], [-85.38576963308002, 36.158023895767506], [-85.38589963281319, 36.15788489538451], [-85.38595963236901, 36.157826895462236], [-85.38608063261569, 36.157686895556886], [-85.38616763257573, 36.15757789538005], [-85.38635063301419, 36.15731889540815], [-85.38646263263053, 36.15716989532099], [-85.38666163251276, 36.15693189535019], [-85.38673863335197, 36.15684989525626], [-85.38682563298718, 36.15676889494306], [-85.38691963326957, 36.156694895070565], [-85.38699663261347, 36.156654895334476], [-85.38714963305513, 36.156593895521695], [-85.38727763280254, 36.15656189551444], [-85.38746463254918, 36.15653689481958], [-85.3875066329148, 36.15653689529471], [-85.38770063338075, 36.156552894749204], [-85.38774263362242, 36.15656789481636], [-85.38778063331911, 36.1565708950223], [-85.38802563321633, 36.15662289484427], [-85.38806263328209, 36.15663389488552], [-85.38823163270008, 36.156645894894815], [-85.38829463340403, 36.156646895600794], [-85.38836263360378, 36.156640895387795], [-85.38843963304477, 36.15662789559005], [-85.38850363380658, 36.15661189537577], [-85.38862263330758, 36.15656589502889], [-85.38869963300158, 36.15652889540819], [-85.38884063290598, 36.15644389519681], [-85.38888763335754, 36.156403895545694], [-85.38901763297591, 36.15626789478407], [-85.38901763348926, 36.15624689542218], [-85.3890866329098, 36.156165895177764], [-85.38909563366126, 36.15613789532349], [-85.38912163312233, 36.156103895305556], [-85.38916563304845, 36.15601589545359], [-85.389200633605, 36.15593289529108], [-85.38924163392714, 36.15577989484717], [-85.38925563307114, 36.15574789524641], [-85.38926963343681, 36.15569089468661], [-85.38929963303207, 36.15561189511096], [-85.38931963364972, 36.15554389528271], [-85.389344633559, 36.15548189520288], [-85.38938063347727, 36.155419894897896], [-85.38949363390967, 36.15528489450574], [-85.3896046336228, 36.15517589516472], [-85.38962363384633, 36.155134894688835], [-85.38964863317078, 36.15510789499057], [-85.38971863341025, 36.15497789519122], [-85.38976463302023, 36.15488389470698], [-85.38983363305516, 36.15474589469464], [-85.38989563314671, 36.15460189470721], [-85.38996663316296, 36.15441689496623], [-85.39001063395469, 36.15428689423014], [-85.39004563402402, 36.15423989464925], [-85.39011463320846, 36.15418589465676], [-85.39022463342174, 36.15413189451768], [-85.39029363356774, 36.154112894887334], [-85.39049763422288, 36.1540878942909], [-85.39064163369488, 36.15405489452381], [-85.3907446339823, 36.1540088942058], [-85.39084663398916, 36.1539418947834], [-85.39101963418041, 36.1537848940884], [-85.3910696335093, 36.153743894787915], [-85.39114763433369, 36.153689894562035], [-85.39119863424395, 36.15366389453147], [-85.39130963403818, 36.153627894821305], [-85.39138563354915, 36.153607894323486], [-85.39142863364724, 36.15359789448888], [-85.39154663422488, 36.153578894297446], [-85.39176763408618, 36.153554894752396], [-85.39219063362528, 36.153518894573494], [-85.39236463396237, 36.153489894041826], [-85.39242063425131, 36.15347289432998], [-85.3927856343526, 36.15338189441315], [-85.39288763459747, 36.153361894016776], [-85.3930866343181, 36.15334089433122], [-85.39339163446186, 36.15333089444523], [-85.39343863456537, 36.153334894359084], [-85.39376863468416, 36.15332489390193], [-85.39410563452437, 36.15335089429761], [-85.39417763449568, 36.15336089385823], [-85.39442563525584, 36.152880894244724], [-85.39458563466535, 36.15260489372298], [-85.39466163482483, 36.15252089443924], [-85.39473963520561, 36.15245889410147], [-85.39486863456325, 36.152378894423215], [-85.39526563516073, 36.1521888943664], [-85.3953666345939, 36.15214389399799], [-85.3956766349444, 36.15201189350127], [-85.39589463478467, 36.1519118941964], [-85.39626763498435, 36.15174389394487], [-85.39669463551509, 36.151563893662214], [-85.39732763559918, 36.15132789357436], [-85.39758763580437, 36.15121689378657], [-85.39898263557532, 36.15064189380262], [-85.39996663669852, 36.15020689330159], [-85.40052163608418, 36.14996889336248], [-85.40081463597011, 36.14985189314492], [-85.4011576364103, 36.1497028932376], [-85.40165463611031, 36.14947189325049], [-85.40179863698506, 36.149397893547096], [-85.40195163650502, 36.1493328932013], [-85.40217263644863, 36.1492218930299], [-85.40236463642803, 36.14910589283431], [-85.40243163707616, 36.14906589320806], [-85.40252563707676, 36.14899689305984], [-85.40277563680037, 36.14879489261845], [-85.40309563677133, 36.14855789317668], [-85.4037056375584, 36.148229892936094], [-85.40422463686971, 36.14794789315323], [-85.4043626374452, 36.14787789300384], [-85.40440963686812, 36.14785289237735], [-85.40448963684311, 36.14781289267869], [-85.40455063688525, 36.14778089249816], [-85.40459863768268, 36.147756892633275], [-85.40478163768924, 36.14766989273102], [-85.40485863754243, 36.14763589300764], [-85.40507963735516, 36.14753989260726], [-85.40562063812256, 36.14734889291338], [-85.40566463720572, 36.14733389273756], [-85.40575163802262, 36.1473058927329], [-85.40594163790836, 36.14725789248545], [-85.40619363777826, 36.14719689263915], [-85.40655163765456, 36.14712389240687], [-85.40691763812035, 36.147066892679575], [-85.40711663768616, 36.14704789234931], [-85.40757363820317, 36.14702489258646], [-85.4080396380237, 36.147035892068644], [-85.40905463839819, 36.14710089206407], [-85.40906763858558, 36.147100892641596], [-85.4095726383242, 36.147104892330944], [-85.41028963880883, 36.14708189243434], [-85.4106946386342, 36.14705189248628], [-85.41126663948765, 36.14698289198245], [-85.41178563937399, 36.14689489229487], [-85.41237263972238, 36.14678489190372], [-85.41286863970845, 36.146665892038875], [-85.41358563944225, 36.14647189160898], [-85.41397464047331, 36.14634189180088], [-85.41455464038755, 36.146128892138904], [-85.41494364041309, 36.14596089203148], [-85.415394639947, 36.145742891674956], [-85.41603464109477, 36.145403891755585], [-85.41642464009149, 36.14517089183793], [-85.41696964058735, 36.14480789191114], [-85.41744664062196, 36.144457891786], [-85.41783164072244, 36.144157891328106], [-85.4179576409274, 36.144060891661894], [-85.4182246405905, 36.14390489114224], [-85.4183926409611, 36.14383189133081], [-85.41860164170629, 36.143769891371726], [-85.41879664130316, 36.14372489170282], [-85.41896164097449, 36.143710891254756], [-85.41912464166163, 36.14370189107105], [-85.419368641073, 36.14371389141802], [-85.41965864129983, 36.14374089141586], [-85.41983464169958, 36.143762891302494], [-85.42010164179645, 36.14381289159155], [-85.42060264209478, 36.14394989094355], [-85.42084164134783, 36.14401089111444], [-85.42169564206812, 36.14424789112875], [-85.42177764159686, 36.14426789104507], [-85.4222146423749, 36.14437389171082], [-85.42261164258284, 36.14446189136283], [-85.42278964193876, 36.14446589109276], [-85.42283264275295, 36.14446189150283], [-85.42298764296169, 36.14442689150582], [-85.42307164303128, 36.14438789093105], [-85.42313264248133, 36.144339891198214], [-85.42314564207577, 36.14431789137368], [-85.42316764206551, 36.14429989111163], [-85.42319664200807, 36.14425489097763], [-85.42324564245875, 36.144097891170894], [-85.42328264302513, 36.143942891563846], [-85.42332564232447, 36.143585891162616], [-85.42335164263183, 36.14326789087604], [-85.42335164283712, 36.14320989109772], [-85.42335864276757, 36.143126891332045], [-85.42336964235317, 36.142869890598966], [-85.42338264226049, 36.14259189099942], [-85.42342064195354, 36.14206989059678], [-85.42344364267883, 36.14193589095722], [-85.42345364209962, 36.14190389077153], [-85.4234586430017, 36.14188589033349], [-85.42348164280882, 36.14184089027741], [-85.4234886427754, 36.141805890777384], [-85.42352164203285, 36.141739890422606], [-85.4235536426362, 36.14169389059507], [-85.42357264257122, 36.14165389053738], [-85.423603642485, 36.141608890822134], [-85.42372564240074, 36.14150089044484], [-85.42384764305858, 36.14142489105087], [-85.4239346422771, 36.14138889096491], [-85.42404264205207, 36.14135089022281], [-85.42406464231514, 36.141343890591706], [-85.42412964228221, 36.14132989060359], [-85.42438164253913, 36.14130289079509], [-85.42467964278302, 36.14129489030177], [-85.42504564336397, 36.14127189077398], [-85.42541964342922, 36.141245890077734], [-85.42557964287303, 36.14121889033576], [-85.42569764341287, 36.14118989066363], [-85.42583364278116, 36.141147890206526], [-85.42602164349148, 36.141073890737175], [-85.42612364285084, 36.14102789063428], [-85.42633664314828, 36.14091889010694], [-85.42645064354947, 36.140848890304945], [-85.42649164278407, 36.140819890615646], [-85.42651864280404, 36.14080289046846], [-85.42657364284453, 36.140756890100484], [-85.42664064361966, 36.14065589045005], [-85.4266546427762, 36.1406078899732], [-85.42665564280163, 36.14057788991427], [-85.42665564337645, 36.140482890603124], [-85.42665564282822, 36.14045989039627], [-85.42665664340892, 36.14041889043694], [-85.42664264325794, 36.14028688997467], [-85.42661664365284, 36.140035890230884], [-85.42659464359699, 36.139871890275], [-85.4265546434565, 36.13975388989484], [-85.42652564282542, 36.13969288982809], [-85.42650064277663, 36.139646890449214], [-85.42642664336377, 36.13951389002716], [-85.42636564301004, 36.13940688968263], [-85.42628964313418, 36.13923188984801], [-85.42625864298081, 36.13915489000431], [-85.42624364293218, 36.13906389032453], [-85.42624364319575, 36.13901588999803], [-85.42623664287656, 36.13897688973219], [-85.42624364280142, 36.138883890218345], [-85.4262576426978, 36.13878688993884], [-85.42634964335195, 36.13850288989226], [-85.42635164336637, 36.13849488988245], [-85.42640264335279, 36.13836089021736], [-85.42648764357509, 36.138109889830446], [-85.42661064276568, 36.137656889732945], [-85.4266476432069, 36.1374728898528], [-85.42665564360945, 36.13737388992307], [-85.42667064270786, 36.13735888938379], [-85.42662464281638, 36.13714888927974], [-85.42654064306335, 36.13698888994463], [-85.42647964330882, 36.136911889915694], [-85.42603764241709, 36.13641588967622], [-85.42603564306695, 36.136412889774434], [-85.42585364327988, 36.136156889792815], [-85.42579264234205, 36.13600388948394], [-85.4257776430415, 36.13589788904793], [-85.42577864286974, 36.1356138895896], [-85.42578564283777, 36.13534088884307], [-85.42577064228276, 36.13525888902018], [-85.42574764254417, 36.13519188959767], [-85.4257396426238, 36.135172888941945], [-85.42568664234676, 36.135099889395704], [-85.42564764254236, 36.135069889051444], [-85.42560564297709, 36.135035889026476], [-85.42551164308601, 36.134987889011136], [-85.42539564211143, 36.13494988910343], [-85.42530464287738, 36.13493188914682], [-85.42516364306792, 36.13491388883258], [-85.42455564247676, 36.134860889193355], [-85.42423664208694, 36.13482888923119], [-85.42393964197299, 36.13479288911844], [-85.42380164180163, 36.13477988912337], [-85.42365964153039, 36.13476188947979], [-85.42315364155418, 36.134699889594074], [-85.42285564201781, 36.13464988901156], [-85.42278664191247, 36.134630889239695], [-85.42269264136598, 36.13459488913561], [-85.4226496412421, 36.1345698896088], [-85.4225506411896, 36.134489889214805], [-85.42248164126096, 36.134397889622996], [-85.42246564210154, 36.13436888968565], [-85.42243764144692, 36.13427788934724], [-85.42239764150703, 36.13418888913792], [-85.4223896412705, 36.13414088919079], [-85.42236964174818, 36.1340838894549], [-85.42236764220479, 36.13407788918197], [-85.42222264202427, 36.13365388932196], [-85.42219964125294, 36.13357788915375], [-85.42202464152771, 36.13301688929083], [-85.42194964184657, 36.1328018885483], [-85.42186364146822, 36.13255588922784], [-85.42179564133194, 36.1324338890939], [-85.42176464188194, 36.13239588923151], [-85.42171864155817, 36.13233088858812], [-85.42159664103717, 36.13220888904386], [-85.42132964081364, 36.131975889137394], [-85.42111564138432, 36.13178588900861], [-85.42108564108737, 36.131758889180915], [-85.42061264113343, 36.13132788887776], [-85.42051164127997, 36.13121888884177], [-85.42039864085814, 36.131086888474876], [-85.42019264054166, 36.13085188888568], [-85.42013164111955, 36.13078788891945], [-85.41918264056733, 36.12993988871941], [-85.41903364018778, 36.129806888125806], [-85.4189876402238, 36.12977088818272], [-85.41856063982831, 36.129400888650395], [-85.41850663970266, 36.12935888809187], [-85.4181516396952, 36.12906988829137], [-85.41814564044388, 36.129064887978345], [-85.4179726400863, 36.128934888647706], [-85.41761564000745, 36.12870188849652], [-85.41748064043702, 36.128621888417086], [-85.41729563977081, 36.12852088783664], [-85.41709763992756, 36.12840388798587], [-85.41696163991281, 36.12832788860472], [-85.4167096401543, 36.12818888859349], [-85.41663063972359, 36.12813388811166], [-85.41656163954737, 36.12809288843063], [-85.41660163906552, 36.127881888358594], [-85.41660863905129, 36.12784788772485], [-85.41663163921888, 36.12766688785977], [-85.41665563992822, 36.12724188779908], [-85.4166616394908, 36.12713688782847], [-85.41666363904471, 36.12702788762256], [-85.41663463909988, 36.12696588812258], [-85.41661863916241, 36.12684888775699], [-85.41662064003091, 36.126729888007354], [-85.41662463914902, 36.126573888342705], [-85.41660863966818, 36.126532888099064], [-85.41657563905429, 36.12646988775016], [-85.41653463952552, 36.12642188812469], [-85.41636763922895, 36.126292887849544], [-85.41628563889518, 36.126184888075656], [-85.41623663984366, 36.12607388810627], [-85.41620463886379, 36.126011887480914], [-85.4161756398585, 36.12598188820141], [-85.41613863910085, 36.12594188759369], [-85.41609263907696, 36.1259078882051], [-85.4160296388848, 36.125871887708946], [-85.41592063879123, 36.12582288812131], [-85.41594663946258, 36.125760887945496], [-85.41597263965504, 36.12572688738985], [-85.41597463925078, 36.125644888178606], [-85.41596063948906, 36.12552088731693], [-85.4159566397489, 36.12548288770229], [-85.4159366391206, 36.12543088786001], [-85.41591663907694, 36.12533788762256], [-85.41588363895995, 36.125278887782365], [-85.41585663890581, 36.12520388796967], [-85.41583163935252, 36.12517588804736], [-85.41581563874388, 36.12512788754145], [-85.41578363903106, 36.12506988751234], [-85.41576763951362, 36.124609887601075], [-85.41575863955329, 36.12435088769235], [-85.41574863912746, 36.1242948877465], [-85.41578163864213, 36.12429788745846], [-85.41580163933426, 36.124297887885135], [-85.41589063946861, 36.12430088747619], [-85.41595963950923, 36.124315887868775], [-85.41601263909142, 36.124327887055145], [-85.41598963889378, 36.12428288723915], [-85.4159766396307, 36.12424188788979], [-85.41594763869267, 36.12420288758258], [-85.4158756386671, 36.1241068875693], [-85.41583463919712, 36.124033887442565], [-85.4157646386797, 36.12395288780357], [-85.41569563922653, 36.12386388702132], [-85.41560963850381, 36.12375288774048], [-85.41550863916869, 36.12363488768663], [-85.41547863847728, 36.12358688777502], [-85.41532963882672, 36.123419887435034], [-85.41524863863684, 36.12333988774533], [-85.41521663873944, 36.12329488740145], [-85.41519963935194, 36.12327188758559], [-85.41507363874152, 36.12314088684095], [-85.41495963840289, 36.123031887297444], [-85.41483563912598, 36.122886887611166], [-85.41473063865725, 36.12279688693934], [-85.41464263913709, 36.122733886804824], [-85.4146036382372, 36.12269788751428], [-85.41454663876361, 36.12261188690459], [-85.41452363834388, 36.12258788719812], [-85.41445563822329, 36.12249688699743], [-85.4144166383587, 36.12245188759831], [-85.4143636390993, 36.12240088718176], [-85.41427163830623, 36.12227788713302], [-85.41419163811597, 36.1221788874424], [-85.41398363865832, 36.12197788692741], [-85.41397663851538, 36.1219708870281], [-85.41389263811732, 36.12187588734501], [-85.41386763836688, 36.12182888737403], [-85.41381663809301, 36.12175188675513], [-85.41378863802227, 36.12169088722619], [-85.41376863841577, 36.12166088689489], [-85.41371563852887, 36.12162288695225], [-85.41362063863349, 36.121597887289546], [-85.4135676379026, 36.12158588702768], [-85.41355163877456, 36.12158188693202], [-85.413226638248, 36.12144588697072], [-85.41314563770788, 36.121388887044304], [-85.41299063827421, 36.12126788670686], [-85.41295463838645, 36.12124988715342], [-85.41293063810228, 36.121237887142904], [-85.41288163764307, 36.121201887276136], [-85.41282263790416, 36.12112088711441], [-85.41279363768317, 36.12107088694365], [-85.41276263756338, 36.12098188730888], [-85.41269763837356, 36.120859887166], [-85.41261663769032, 36.12075588668424], [-85.41252063785664, 36.12066788719721], [-85.41232763820064, 36.120545887051605], [-85.41223863812293, 36.12048388694679], [-85.4121056374618, 36.120424887155984], [-85.41203363738938, 36.120387887088306], [-85.411951637529, 36.12035988695286], [-85.41186663804194, 36.12034888716307], [-85.41169563743199, 36.120354886699154], [-85.4114796372941, 36.120384887112074], [-85.4114216376366, 36.12039088685685], [-85.41130163786558, 36.12038988668575], [-85.41123363699549, 36.12037988689891], [-85.4112036370948, 36.12037588664699], [-85.4111206378382, 36.12037588705104], [-85.41104763712258, 36.12039388675992], [-85.41096663695856, 36.120426886811806], [-85.41089363777708, 36.12046188704264], [-85.41083563797376, 36.12047088682458], [-85.41054763707729, 36.12045888721146], [-85.41037463758829, 36.12045188694323], [-85.41015363740982, 36.12040388738878], [-85.40991363758728, 36.12036888719736], [-85.40966263725542, 36.120320886884336], [-85.40960463726483, 36.12030988694754], [-85.40925663739239, 36.120229887349744], [-85.40915263681977, 36.12021388698837], [-85.40907063659763, 36.120207886629856], [-85.4089216365868, 36.12020788662619], [-85.40882863706584, 36.1202228867167], [-85.40869763627079, 36.120226887050535], [-85.40857963712614, 36.12021488679584], [-85.40851963653071, 36.12019988661523], [-85.40837063662478, 36.12010788723491], [-85.4080756364327, 36.119907887103125], [-85.40794863703195, 36.11983088679487], [-85.40770263669891, 36.119661886490036], [-85.40751063610135, 36.11954188698195], [-85.40737963611238, 36.11943488663759], [-85.40727063595837, 36.119318886941144], [-85.40726463638886, 36.11931188705389], [-85.4068736362171, 36.11878188692619], [-85.40671963650894, 36.118612887164744], [-85.40671063579899, 36.11860288658582], [-85.4066956366252, 36.118581887167814], [-85.40668063625797, 36.11856788698992], [-85.40667163616575, 36.1185598863249], [-85.40662563626766, 36.118531886569045], [-85.40657863605315, 36.11851288644377], [-85.40651863639972, 36.11850288639457], [-85.40650663588335, 36.11850188642536], [-85.40646063570425, 36.118505887030345], [-85.40640163566549, 36.11843988703986], [-85.40624163603329, 36.11827888651676], [-85.40604863570087, 36.118128886385655], [-85.40580363550274, 36.117978886650526], [-85.40558163527115, 36.11777788702376], [-85.40540763593403, 36.11757888648114], [-85.40535963579211, 36.117536886882306], [-85.40533563551244, 36.11752088641029], [-85.4052396353311, 36.11745988660308], [-85.4051556357641, 36.11741988687236], [-85.40508563559412, 36.11739488654315], [-85.40503063529364, 36.117379886732856], [-85.40495763552528, 36.117368886257566], [-85.40478163560337, 36.11731988654562], [-85.40445263503418, 36.11723588665031], [-85.40444063529459, 36.117232886563166], [-85.40420763482476, 36.11717888641489], [-85.40407263525792, 36.117169886390236], [-85.40398663486388, 36.11717088637648], [-85.40382363474941, 36.11718888671098], [-85.40337063537069, 36.117281886617604], [-85.40291763458089, 36.11733888634938], [-85.4025696345156, 36.11736988646965], [-85.4021756352681, 36.117403886857495], [-85.40175563460866, 36.11741788673299], [-85.40113763399282, 36.11746288648934], [-85.40092163482105, 36.1174808865383], [-85.40090463389448, 36.11748088681871], [-85.40055063440025, 36.117498886571944], [-85.39973163353424, 36.11749188716487], [-85.39940263430402, 36.1175028870377], [-85.39934363426883, 36.117510886722904], [-85.39921263357884, 36.11751788697695], [-85.3990576334083, 36.11753888679969], [-85.39879863425553, 36.11758488663598], [-85.39862563386306, 36.11762588726898], [-85.39853863333255, 36.11764988687754], [-85.39810363364823, 36.11779488699333], [-85.39726463386846, 36.11805088745952], [-85.39708163375624, 36.11808888696261], [-85.39705363375211, 36.1180908866149], [-85.39689663353076, 36.11810588744154], [-85.39670663374416, 36.118105887234485], [-85.39651863266184, 36.118088887082415], [-85.39574563284566, 36.11794288710492], [-85.39531263304292, 36.117848886914956], [-85.39481563239559, 36.11775388721888], [-85.39462163231416, 36.11770288697892], [-85.39443663306459, 36.11763488681391], [-85.39427363210234, 36.117555886891274], [-85.39415563248733, 36.11750688710792], [-85.39392863187676, 36.11742888740453], [-85.39379563193884, 36.11739288660407], [-85.39331263194131, 36.11729688664466], [-85.39303463245122, 36.11726188694143], [-85.39231263205717, 36.117154886874154], [-85.39213663157733, 36.11712588675623], [-85.3920116319456, 36.11711888748547], [-85.39189063182661, 36.11711688686022], [-85.39173263121418, 36.117127886903084], [-85.39162363127438, 36.11714688661484], [-85.3915026320563, 36.11718288672269], [-85.39142863157261, 36.11721488697766], [-85.39135263168592, 36.11725788700359], [-85.39126763116009, 36.11731388743086], [-85.39117663142689, 36.11739388715802], [-85.39110763125959, 36.1174858874155], [-85.39106863168159, 36.11755688720181], [-85.39103963129492, 36.11763588755208], [-85.39098963137178, 36.11773988762385], [-85.3908116317824, 36.11820388772741], [-85.39067763155286, 36.11849888752844], [-85.39067063186923, 36.118516887463485], [-85.39047663116055, 36.11886488766219], [-85.3900116316157, 36.11974188796277], [-85.38978463152637, 36.12013588757898], [-85.3896356317724, 36.12043888740257], [-85.38952263098152, 36.12063488765532], [-85.38946763081806, 36.1206268881217], [-85.38939463176652, 36.120608888005464], [-85.38927163115306, 36.120565887661904], [-85.3891796311566, 36.12050888795019], [-85.38898863142494, 36.12031788811472], [-85.38894263109384, 36.120233887577335], [-85.38892363135311, 36.120180887754444], [-85.38890463091673, 36.120104887545786], [-85.38892063070112, 36.11952488765825], [-85.38895063052198, 36.11918588763392], [-85.38900363109751, 36.11882188751821], [-85.38905663151205, 36.118597887785576], [-85.38916963057207, 36.11832188761484], [-85.38947663079945, 36.11784088704116], [-85.38962563139668, 36.1175328869979], [-85.38983263112337, 36.117110887488536], [-85.38992463115392, 36.11690588685568], [-85.39013263137153, 36.116455886693636], [-85.39016963109141, 36.11638888682581], [-85.39023463143283, 36.11625088678977], [-85.39027863154125, 36.116141887062305], [-85.39030163149677, 36.11604988726383], [-85.39035263159211, 36.11577088665464], [-85.39042263082207, 36.1154988866531], [-85.39046863148064, 36.11538588720032], [-85.39061063131062, 36.11516588644635], [-85.39066563085233, 36.11509488648494], [-85.39082063112598, 36.11491688633233], [-85.39091863122698, 36.11482088679349], [-85.39114863089911, 36.114675886381235], [-85.3916136311369, 36.11445888618685], [-85.39215863124325, 36.114137886083185], [-85.39250463215639, 36.11394788679087], [-85.3927666321025, 36.113848886654516], [-85.39294863161244, 36.113802886283956], [-85.39314063193811, 36.11377188622378], [-85.39358763255947, 36.11373788625782], [-85.3940406325673, 36.113684886265865], [-85.39422963209935, 36.113646886359696], [-85.39440663261551, 36.11359088613476], [-85.39457463224277, 36.11351888619053], [-85.39466663243617, 36.113473886094965], [-85.39483163186412, 36.11337588622202], [-85.39494763281284, 36.11328788597153], [-85.39501163197572, 36.113230886233396], [-85.39513463294479, 36.113096885844975], [-85.3952106329374, 36.11299488628731], [-85.39527563288209, 36.11289888626112], [-85.39536663210295, 36.11271488584333], [-85.39555063234461, 36.11226788586855], [-85.3957156325693, 36.11184088600381], [-85.395761632004, 36.11173188611059], [-85.39596663240013, 36.111342885521736], [-85.39604463211705, 36.11122688607562], [-85.3963286330093, 36.11077488594371], [-85.39643863232467, 36.11061388552968], [-85.39662163242397, 36.11038888510285], [-85.39685563247004, 36.11006888505832], [-85.39719363319415, 36.109663885521684], [-85.39746863332186, 36.10930188536274], [-85.39775063260376, 36.108950885268385], [-85.39810263254407, 36.10849788464172], [-85.39833963358365, 36.108179884804265], [-85.39866463338056, 36.10776188473691], [-85.39882363356, 36.107542884441806], [-85.39873063268146, 36.107569885259004], [-85.39869163263018, 36.1075808846063], [-85.39829563300637, 36.107697884581626], [-85.39816463247168, 36.10773688506589], [-85.3971346324468, 36.10804488475872], [-85.39697463299183, 36.10808888525139], [-85.39634163196443, 36.10826588538552], [-85.39461163228532, 36.10877088529149], [-85.39346463216681, 36.10910988564965], [-85.39339863218336, 36.10912288531741], [-85.39323763179083, 36.10915588572917], [-85.39302763166828, 36.10918688546554], [-85.3927886311205, 36.109208885649394], [-85.39253863145143, 36.10921488557601], [-85.3923296314038, 36.1091988851478], [-85.39216763154613, 36.10917388501013], [-85.39211663089536, 36.109165885148556], [-85.3919366309788, 36.10912888548004], [-85.39110163078215, 36.108885885500825], [-85.3909066307091, 36.108824885213146], [-85.39068163136457, 36.10876488577779], [-85.39037863117325, 36.108705885045524], [-85.3901306303217, 36.108669885428725], [-85.38985963062913, 36.10864488523331], [-85.38934763022125, 36.1086598858855], [-85.38921763032238, 36.108663885373126], [-85.38868862987354, 36.10868388571326], [-85.38805363062264, 36.10870188589363], [-85.3869806298872, 36.10874788589769], [-85.38628863011931, 36.10878588549025], [-85.38608762918543, 36.108816885599815], [-85.38586062962911, 36.108860885417485], [-85.38561662925528, 36.10892488574492], [-85.38545662934294, 36.10896988581852], [-85.38520662927748, 36.10906188609262], [-85.38465562872085, 36.109286886001705], [-85.38456962944845, 36.10931588542885], [-85.38429362875974, 36.10938888572186], [-85.38413062908111, 36.109418885989136], [-85.38389562938586, 36.10944588564403], [-85.38352962917335, 36.10945488567332], [-85.38335062906643, 36.10944488578866], [-85.38294162904539, 36.10941288614462], [-85.38291262872485, 36.10940688581233], [-85.38268262893233, 36.109396886255254], [-85.38243662847518, 36.109403886129876], [-85.38194362871616, 36.109441885525676], [-85.3816376281012, 36.10945388567571], [-85.3814766281373, 36.10944688550098], [-85.38125162784962, 36.10942388638041], [-85.38113162850728, 36.10940288573153], [-85.38083962776179, 36.10933488581762], [-85.38030962807996, 36.109177885915145], [-85.37986462749078, 36.109046886219296], [-85.37975362811079, 36.10901988563808], [-85.37964562744598, 36.10899888572451], [-85.37946562724326, 36.10898188555796], [-85.3791846280576, 36.10897888567048], [-85.37903662801659, 36.10898888584781], [-85.37881962727276, 36.10902388595989], [-85.37873062782727, 36.109040886077196], [-85.37830462682315, 36.10915588599967], [-85.37757462677969, 36.10936688582828], [-85.37737662718901, 36.1094198860747], [-85.37736962712303, 36.10939288568613], [-85.37737062688294, 36.10937388572764], [-85.37738062700264, 36.10934888650085], [-85.37741462723825, 36.1093208864563], [-85.37754262714633, 36.10926888581863], [-85.377908627113, 36.10914988569986], [-85.37811062778411, 36.10907188590525], [-85.37866362739636, 36.1088858862778], [-85.37871262790362, 36.108858886046654], [-85.37882462778543, 36.10876088633038], [-85.3788556278081, 36.10872188572486], [-85.37889862723848, 36.10864388578098], [-85.37902162761225, 36.10835388597822], [-85.37919262729937, 36.10798488606615], [-85.37924762710416, 36.10784788559507], [-85.37933562746662, 36.107645885744006], [-85.37937062713314, 36.10758688562373], [-85.37942262798562, 36.107522885293], [-85.3797276278582, 36.107189885843084], [-85.38005262805868, 36.106860885519254], [-85.38009462801278, 36.10681588547843], [-85.38050462740694, 36.10638588529303], [-85.38075762793471, 36.1061408848911], [-85.38119962812864, 36.10569888484306], [-85.38123762748452, 36.10564788482911], [-85.38132862848389, 36.10548288526769], [-85.3813606278641, 36.10536588489016], [-85.38136662747301, 36.10529688539938], [-85.3813896276866, 36.10514888464052], [-85.38143662786429, 36.10497688531056], [-85.38147262804932, 36.10489188526753], [-85.3815346280929, 36.10480488523559], [-85.38160362810646, 36.10473488481819], [-85.38165662791911, 36.104693884591924], [-85.38187662853335, 36.10454788502496], [-85.3821496286489, 36.10438688452506], [-85.38267262794609, 36.104112884687666], [-85.38273262818005, 36.10408788496621], [-85.38281862793927, 36.10403088519614], [-85.38289162776425, 36.103974885050086], [-85.38300762810839, 36.10385188433218], [-85.38338562786113, 36.103255884379735], [-85.38341762854166, 36.10321288423257], [-85.38348462802382, 36.10309088437316], [-85.38351862834334, 36.10301088454887], [-85.38353962788587, 36.10293488480179], [-85.3835496281177, 36.102871884666094], [-85.38355662873762, 36.10246388441655], [-85.38359562830514, 36.10192988476552], [-85.38358062880994, 36.10107188426847], [-85.3835716286001, 36.100978884532545], [-85.38354062850544, 36.10084688419049], [-85.3835106285152, 36.10075588427224], [-85.383426628543, 36.10061088425483], [-85.38336962857126, 36.10041388446189], [-85.38335162855184, 36.10031288403331], [-85.383350628523, 36.10026088444831], [-85.38335862864925, 36.10021888364828], [-85.38338762801729, 36.10013188418252], [-85.3834106285254, 36.10008988436929], [-85.38345662857972, 36.10002488357152], [-85.38359462819639, 36.09990988352168], [-85.38373962861608, 36.09980988383636], [-85.3837866281638, 36.09977288428142], [-85.38388662866075, 36.099701883672026], [-85.38405562853904, 36.09959688427928], [-85.38422962789535, 36.09950088415976], [-85.38443762872656, 36.099403883895945], [-85.38455362796142, 36.09937788387775], [-85.38481262853543, 36.099335883896465], [-85.38506462864686, 36.09931788373027], [-85.385830629303, 36.09930288405336], [-85.3860896292901, 36.09931888369551], [-85.38634062848375, 36.09934888390983], [-85.38641862906155, 36.09936288372988], [-85.38650262923855, 36.09938388357021], [-85.38654462861041, 36.09939088381937], [-85.38665162887004, 36.09939788390743], [-85.38672062870653, 36.09939488389521], [-85.38684062903785, 36.09937888363335], [-85.3868986293533, 36.09936588383994], [-85.38690662963764, 36.09936288361685], [-85.38699462948533, 36.09933188374124], [-85.3870346292961, 36.09930888377773], [-85.387079629287, 36.09927488393548], [-85.38730862914218, 36.09912788366458], [-85.38738562893056, 36.09908488393773], [-85.3875266294631, 36.09901988378413], [-85.38766862949652, 36.098975883709585], [-85.38775462916801, 36.09895488356958], [-85.3878976297264, 36.09892988354791], [-85.38815362904165, 36.09891088330151], [-85.38833962902065, 36.098904883456974], [-85.38863762930634, 36.0989028832354], [-85.38881762957095, 36.09887688362011], [-85.38900162972777, 36.098834883865514], [-85.38917762994676, 36.09877388321764], [-85.38936463035785, 36.09867988380738], [-85.38967762975041, 36.098514883234365], [-85.38995263018417, 36.09835688359035], [-85.39021862957213, 36.09818588289686], [-85.39041563058721, 36.098041882897434], [-85.39047562988053, 36.09797788300827], [-85.39049863003883, 36.09794288293509], [-85.39051463036948, 36.097906883116124], [-85.39053763013634, 36.097790882862775], [-85.39052263001166, 36.09771188341363], [-85.39043463022323, 36.09753188325775], [-85.39041762997473, 36.097506883411484], [-85.3903676295296, 36.097450883259164], [-85.3903056303995, 36.097365883420025], [-85.39023663006623, 36.09725188300646], [-85.39017762977868, 36.09712188323524], [-85.3901666302645, 36.09707788329815], [-85.39008462984411, 36.09690888259552], [-85.39000363042021, 36.09672888323802], [-85.38991962936596, 36.096605883223866], [-85.38979162961554, 36.09645488324233], [-85.38970663016325, 36.09637388279529], [-85.3896376302259, 36.09631988252399], [-85.38953462928222, 36.09625988335188], [-85.38946762937123, 36.0962288828057], [-85.38929863014381, 36.09615888309732], [-85.38922662950493, 36.0961378828633], [-85.38915162911395, 36.096099882879024], [-85.38898562937995, 36.09603688279616], [-85.3887886294936, 36.09598088327762], [-85.38867162904941, 36.095958883122904], [-85.38855162888431, 36.095932883110486], [-85.38844662990775, 36.095911882718376], [-85.38827962920215, 36.095891882683105], [-85.38811662981313, 36.09588888272684], [-85.38764662949676, 36.095919882830685], [-85.38749362908897, 36.09593488258674], [-85.38740962900798, 36.09595088251432], [-85.38733362941501, 36.095973882671956], [-85.38726562877385, 36.095996882869485], [-85.3871656295222, 36.09603288262269], [-85.38711962932265, 36.096059882641626], [-85.38689362945063, 36.09616188283045], [-85.38678462911545, 36.09619788336953], [-85.38672262870816, 36.09620888266368], [-85.38660262849609, 36.096220882941786], [-85.38654062839797, 36.096216883137515], [-85.38635562839274, 36.09617488339972], [-85.38606662915919, 36.096080883064765], [-85.38595062867898, 36.09603088276438], [-85.38579362836344, 36.09595388314548], [-85.3854966280967, 36.09576488330584], [-85.38535562845638, 36.09561188265847], [-85.38528662807799, 36.09550488312331], [-85.38515962891691, 36.09533788290392], [-85.38497862873545, 36.095161882794336], [-85.38481962865373, 36.09499988328191], [-85.38459462827574, 36.09471088248915], [-85.38450662818305, 36.09460688318932], [-85.38439362786147, 36.09450088244303], [-85.38428762862071, 36.094407883074176], [-85.38397662787247, 36.0942218830325], [-85.38380762757748, 36.09414388303648], [-85.38358762832034, 36.094034882325715], [-85.38344962760354, 36.093932882509115], [-85.38337662730918, 36.09386988233864], [-85.38317662734805, 36.09367788287037], [-85.38290862730665, 36.093473882494955], [-85.3828076273279, 36.09342688231487], [-85.38269362718226, 36.09339388259947], [-85.3826336272076, 36.09338288269525], [-85.3824296279183, 36.09331488234528], [-85.38229062700815, 36.09326088247049], [-85.38223062726084, 36.09323188299895], [-85.38207862778548, 36.09312688251576], [-85.38203362741481, 36.093083882789394], [-85.38184662745645, 36.09287888278719], [-85.38179462726211, 36.0928068827989], [-85.38171762716685, 36.092746882163034], [-85.38166862716922, 36.0927168825111], [-85.38158162732219, 36.09267388263768], [-85.381353626852, 36.092614882759264], [-85.3812176273138, 36.09255688274624], [-85.38109762656796, 36.092488882127036], [-85.38104562672775, 36.09244688256131], [-85.38084762681797, 36.09231488278467], [-85.38072462657125, 36.09218688289511], [-85.38053562654625, 36.09202788243452], [-85.38034962712712, 36.09188988238856], [-85.38000262657042, 36.091608882593036], [-85.3798876260755, 36.09148488225198], [-85.37983362625803, 36.091417882188985], [-85.37978762623946, 36.091348882759945], [-85.3797086268744, 36.09119788222496], [-85.37967162602348, 36.09110088223854], [-85.37964262684243, 36.09104088202336], [-85.3796276269738, 36.09095188227285], [-85.37962762626542, 36.090850882592605], [-85.37963562633516, 36.0908078824216], [-85.37972062631555, 36.090639882057694], [-85.37990262601484, 36.09035788241081], [-85.37993262650505, 36.0902578823982], [-85.37994062651738, 36.090209881922334], [-85.37994062649213, 36.090109881744354], [-85.37994762701545, 36.08989588180861], [-85.37998662635043, 36.089549882373255], [-85.37999962654183, 36.08949988152806], [-85.38002262637643, 36.08943888155022], [-85.38006762660629, 36.08935088159089], [-85.3802376261793, 36.08911188174929], [-85.38029162622043, 36.0890118815021], [-85.3803146266193, 36.08891788213734], [-85.38031462615483, 36.0888168815112], [-85.38022862658678, 36.08857288219031], [-85.380106626152, 36.08836288132171], [-85.37997562607096, 36.088167881749094], [-85.37987962609924, 36.08794788126993], [-85.37984062680889, 36.08788088167875], [-85.37982962676327, 36.08782988134685], [-85.3798256264101, 36.087785882081526], [-85.3798416265779, 36.08770688186718], [-85.37988062691407, 36.08764188140456], [-85.38010162588355, 36.08743588192508], [-85.38036362661231, 36.08728288142744], [-85.38046062638642, 36.08721288111981], [-85.38052662634031, 36.08713888112913], [-85.38055062613981, 36.08709788188223], [-85.38058162680981, 36.08701588166715], [-85.38058062634316, 36.08697188160831], [-85.38058862653938, 36.086931881688685], [-85.3805426264771, 36.086635881498985], [-85.38049362659893, 36.08646488105913], [-85.38042962608218, 36.08632388092002], [-85.3803526266335, 36.08618388104871], [-85.38029962614577, 36.08611288095247], [-85.38017362658516, 36.08597088152578], [-85.38011162624657, 36.08591988127683], [-85.38007162644118, 36.08588088105637], [-85.3799766267298, 36.08574288113796], [-85.37988962678227, 36.08556088138105], [-85.3797106265326, 36.08521088069667], [-85.37963462655668, 36.08500988071231], [-85.37959562635153, 36.084773880691934], [-85.37959762579203, 36.08469288057866], [-85.37960662579353, 36.08464688063499], [-85.37963562570039, 36.084562881200156], [-85.37966962628715, 36.084516881000795], [-85.37968962605167, 36.084481880951344], [-85.3797106256857, 36.08446188059245], [-85.379730626348, 36.084431880826855], [-85.37974762593814, 36.08439588113808], [-85.37976462606471, 36.08431288073966], [-85.37976462580126, 36.08428888062496], [-85.3800206265603, 36.084133880648864], [-85.38510862729223, 36.08230588031993], [-85.39278462933721, 36.07954887941173], [-85.40113263154603, 36.076288878598724], [-85.40558063342296, 36.07455287771782], [-85.4065076334965, 36.0744598780088], [-85.40631763365674, 36.07429587786529], [-85.40622963327837, 36.07423987797173], [-85.40559663237111, 36.07383587817231], [-85.40532663275611, 36.07367887783599], [-85.40507763247682, 36.073533877389096], [-85.40501863273971, 36.07350387737886], [-85.40491463292274, 36.0734438778811], [-85.40480863216484, 36.07338987723504], [-85.40457163264216, 36.07326887743139], [-85.40438663301806, 36.07318487739808], [-85.40432463238211, 36.073160877347966], [-85.40415563226209, 36.07310987790748], [-85.40406663277476, 36.07309287789284], [-85.40391963184739, 36.07307687805725], [-85.40390363205957, 36.07301987780661], [-85.40385863197855, 36.072908877354365], [-85.40376863200689, 36.07278187744711], [-85.40355963264639, 36.072518877977615], [-85.40343463246343, 36.0723728778235], [-85.40339363250818, 36.072317877185014], [-85.4033706326731, 36.07226587765038], [-85.40333963216139, 36.07221087781156], [-85.40328763227139, 36.07201787749126], [-85.40328163266102, 36.07196587736352], [-85.40327963168274, 36.07194287764309], [-85.40326363226205, 36.07187187772896], [-85.40325463241912, 36.071480877402884], [-85.40324363218713, 36.071409876988966], [-85.40315663180286, 36.070993877432244], [-85.40311863199814, 36.07078287745199], [-85.40309663219438, 36.07054287690927], [-85.40306463142389, 36.0702908767665], [-85.40304563197648, 36.0700138773133], [-85.40304363208371, 36.06946487665829], [-85.4030656314958, 36.069003876719194], [-85.40312663209102, 36.06836487699373], [-85.40312563163269, 36.06827387706568], [-85.40310363143732, 36.06808987647511], [-85.40310163226536, 36.06808187673319], [-85.40308063190095, 36.067951876736565], [-85.40288363224334, 36.06719387665406], [-85.40286763212966, 36.06704987654529], [-85.4028676317568, 36.06696587637118], [-85.40287363114938, 36.06685887641608], [-85.40288263212656, 36.06680787612282], [-85.40292063220525, 36.066587876292964], [-85.40296463120902, 36.066251876283374], [-85.40301963201728, 36.06592487592351], [-85.40308863158263, 36.06565787635361], [-85.40315763161595, 36.065415876438195], [-85.40319563114072, 36.06522487604157], [-85.40326463161416, 36.064931876207204], [-85.40332163139996, 36.06460787596162], [-85.40337263149947, 36.0644178762603], [-85.40340863209563, 36.06432487558683], [-85.40341463157087, 36.064297875884975], [-85.40350463180391, 36.064114875604616], [-85.40356063222842, 36.06400987596459], [-85.40364363139983, 36.063879875870214], [-85.40374463173688, 36.063706875449036], [-85.40379063195586, 36.06359687549366], [-85.40380563181246, 36.063545875927744], [-85.40384363201971, 36.063345875972296], [-85.40384363183793, 36.063307875283215], [-85.4038506313227, 36.063272875326994], [-85.40385063181955, 36.063162875848626], [-85.40385063212638, 36.06313087588591], [-85.40383563119558, 36.062990875188476], [-85.40373763136303, 36.06263087593237], [-85.40370563151762, 36.062544875158366], [-85.40366063118667, 36.06230087503744], [-85.40365163144251, 36.062218875254594], [-85.40365363189568, 36.06213587539501], [-85.40366163135667, 36.062066875065284], [-85.40364463206839, 36.06178987514728], [-85.40364463195229, 36.06173087550236], [-85.40362963161107, 36.06154887504509], [-85.40364563176871, 36.06136987510696], [-85.40366163118239, 36.061246875344736], [-85.40364863128542, 36.06114487525274], [-85.40362263112209, 36.061022875400496], [-85.40360063189783, 36.06098187543213], [-85.40357663132899, 36.06091987562324], [-85.403431630953, 36.06068787490991], [-85.40333163147612, 36.060511875265675], [-85.40331663162094, 36.06047687546737], [-85.40330263138743, 36.06038887537197], [-85.40330263114231, 36.06030287512539], [-85.40331663187972, 36.060256875450214], [-85.40334763121497, 36.06009187544193], [-85.40336263116295, 36.06004687481882], [-85.40337663108555, 36.059976874913126], [-85.40339363119838, 36.059842874553674], [-85.40339363138962, 36.05977587510993], [-85.40338563122614, 36.05971087476275], [-85.40333163108235, 36.059520875128065], [-85.40331563130893, 36.05943487497246], [-85.40331663089452, 36.059347874727564], [-85.40333163150095, 36.059305874469906], [-85.4033546315771, 36.05917387489932], [-85.4033766311045, 36.05897687445914], [-85.40337763129828, 36.05893487518953], [-85.4033696308555, 36.05889387504989], [-85.40335463142068, 36.058850874568286], [-85.403307631368, 36.05875387491458], [-85.40323263175513, 36.05867287495728], [-85.40312163128809, 36.05862287470605], [-85.40302663126417, 36.058606875134], [-85.40293563124739, 36.05861087491052], [-85.40284263066775, 36.05863087507159], [-85.40280563114793, 36.05864687516418], [-85.40272863072633, 36.05868787505999], [-85.40266763084279, 36.05873387520185], [-85.40246863060288, 36.058859874868546], [-85.40220363113751, 36.0589468746992], [-85.40181763069742, 36.0590558749243], [-85.40130863055523, 36.05922487510109], [-85.4012116306609, 36.059263874785444], [-85.40108063051532, 36.059312874606974], [-85.40088963013922, 36.059374875372455], [-85.4006746301917, 36.05943187516231], [-85.40052263107167, 36.05945887513069], [-85.40036463004567, 36.059465875354796], [-85.4000146309455, 36.05945987505708], [-85.39979363043405, 36.059459875206784], [-85.39956362972904, 36.059473874786214], [-85.39941763071016, 36.059463875002685], [-85.39935363057035, 36.05945387541914], [-85.3992396296909, 36.05942887531784], [-85.39910763014302, 36.059381875224084], [-85.39899063055795, 36.059320875367554], [-85.39889963031905, 36.05924787471164], [-85.39883863023992, 36.059175875329956], [-85.3988246298849, 36.059137875062724], [-85.39879962980763, 36.05909587501787], [-85.3987926302909, 36.05905287510655], [-85.39878362957067, 36.05896687497762], [-85.39880062945882, 36.058718874775046], [-85.3988076305082, 36.05835687472458], [-85.39880062959003, 36.05829587529977], [-85.39876863027087, 36.05816687474033], [-85.39874762944851, 36.058106874393275], [-85.39868562981792, 36.05796687451417], [-85.39859562947655, 36.05781787438147], [-85.39848662945083, 36.05767687466975], [-85.39845662969735, 36.05762987450777], [-85.39834162952323, 36.057504874911636], [-85.39821162934741, 36.057389874837426], [-85.39814463012056, 36.0573368747786], [-85.39812963007968, 36.05732587453347], [-85.39754962981654, 36.05690287479442], [-85.39726662944983, 36.05666887499712], [-85.39693062938095, 36.05636187494868], [-85.39656462893933, 36.05597987492708], [-85.39642762964911, 36.055849874727755], [-85.39629062940209, 36.05574387461344], [-85.3962076291472, 36.055700874138545], [-85.39606262935365, 36.05564287474624], [-85.39598362849948, 36.055619874688325], [-85.39594762850395, 36.05561287426162], [-85.39573662842221, 36.0555878749034], [-85.39559462871726, 36.05558687447737], [-85.39551962897112, 36.05557487450439], [-85.39544862878587, 36.05554487430235], [-85.39539562855043, 36.05550087460432], [-85.39535162902042, 36.055443874872864], [-85.39532862877878, 36.05535387456606], [-85.39534462921759, 36.05528887412105], [-85.39536062834168, 36.055091874509316], [-85.39724462883046, 36.055550874708416], [-85.40289763086308, 36.056927874761485], [-85.40478263130827, 36.05738787453699], [-85.40589863187485, 36.0576588747973], [-85.40925163298134, 36.05847287422759], [-85.41037063287447, 36.05874687406447], [-85.41037063322133, 36.05874787448817], [-85.41037163367014, 36.05874887439662], [-85.41383763386108, 36.05959187432929], [-85.42423763811163, 36.06211987427456], [-85.42770763820519, 36.06296487446939], [-85.42778663868329, 36.06298387446456], [-85.42865863907616, 36.06316987461607], [-85.43062563959376, 36.063591874173106], [-85.43133163946455, 36.06375187450547], [-85.43151563937374, 36.063795874938215], [-85.43246363997646, 36.064024874194224], [-85.43246663998337, 36.06402587431827], [-85.43247563966622, 36.064031875045366], [-85.43247864030509, 36.06403387469021], [-85.43349763999942, 36.06428287494687], [-85.43655664143567, 36.06503087500059], [-85.43757664179368, 36.06528087453337], [-85.44134164326802, 36.06622687476009], [-85.45263764580588, 36.06906487454412], [-85.45640364743737, 36.07001187455833], [-85.45892864808978, 36.07062887473795], [-85.46650764990714, 36.07248187500712], [-85.46903465117138, 36.07310087491739], [-85.470617651234, 36.07344187444798], [-85.4739496522577, 36.07416287468049], [-85.47536865298821, 36.07446887533033], [-85.47695365328988, 36.0748118747506], [-85.48008465439977, 36.075616874845785], [-85.48947865745974, 36.07803387461364], [-85.49261065893845, 36.078839874993584], [-85.49298165828083, 36.078929874965624], [-85.49409565891514, 36.079201874833245], [-85.49446765892041, 36.079292874821725], [-85.49542165952968, 36.079525874675994], [-85.49828465982262, 36.0802258747518], [-85.4990186608927, 36.08040587552686], [-85.4992436606278, 36.08037687542327], [-85.49966966045567, 36.0803208752277], [-85.4999806603453, 36.080280874589974], [-85.50085466069136, 36.08041187476481], [-85.50094666041518, 36.08042487522592], [-85.50095566113599, 36.08042687545257], [-85.50135766095605, 36.0805518751014], [-85.50151966116191, 36.08061087531888], [-85.50164566159631, 36.08064687477235], [-85.50195066159482, 36.080682874631194], [-85.50212366107388, 36.0807138745999], [-85.50221066085437, 36.080721874820895], [-85.50225566138296, 36.08072887512758], [-85.50234066132963, 36.08074187536486], [-85.50251266089501, 36.08077887491791], [-85.50271466168834, 36.080848875459786], [-85.50279866186447, 36.08087387528547], [-85.50296966185383, 36.080908874645836], [-85.50313966113364, 36.080950875222506], [-85.50335566155886, 36.08098587471678], [-85.50368966167491, 36.08108487494045], [-85.50409866202683, 36.08122387473914], [-85.50439666210669, 36.081297875056045], [-85.50451766198415, 36.081341874955726], [-85.50468666253553, 36.081388874896305], [-85.50491666222624, 36.08144687546343], [-85.5049396624137, 36.08145287503825], [-85.50502266242569, 36.08147787550733], [-85.50506566176252, 36.0814848746567], [-85.50519266226316, 36.081515875136624], [-85.5053616624681, 36.081562875025746], [-85.50543666270075, 36.081599875260686], [-85.50567866198743, 36.08168687512587], [-85.50571566225669, 36.08170587510842], [-85.50578966266883, 36.08173087510182], [-85.5058386629168, 36.081746875234096], [-85.50588966196597, 36.081755875252796], [-85.50596666252767, 36.08177087521003], [-85.50600966210494, 36.081772874670634], [-85.50617966258582, 36.08180987519642], [-85.50619366218145, 36.08181187477557], [-85.50626466298783, 36.081824875282905], [-85.50629566223927, 36.081833875240946], [-85.50630566297477, 36.08183687506597], [-85.50647866237144, 36.08186087489485], [-85.5065316622992, 36.08186487536871], [-85.50661566261357, 36.08187287544678], [-85.50674066273307, 36.081884875417124], [-85.50687066219024, 36.08190087481786], [-85.50708566307928, 36.081935875232546], [-85.50724466312606, 36.08194787488227], [-85.5072606624261, 36.08194987529993], [-85.50743366346201, 36.0819738746636], [-85.50748266307824, 36.08197787549979], [-85.5078776631735, 36.08205887511006], [-85.50794666339613, 36.08204987544366], [-85.50817066292835, 36.082020875333434], [-85.50843366273722, 36.08198687494865], [-85.50845966292249, 36.08198487468223], [-85.50932766310738, 36.08194387494018], [-85.50936366341948, 36.08193887518934], [-85.5098366633022, 36.081884875243524], [-85.51087566396968, 36.08176487447496], [-85.51399866457851, 36.08140687504886], [-85.51504066471979, 36.08128887476995], [-85.51505666462299, 36.08128587480564], [-85.51510666509041, 36.08128087467586], [-85.51512366481391, 36.0812788746282], [-85.51522566479493, 36.08126587478921], [-85.5155346656957, 36.0812308749376], [-85.51563766483547, 36.08121987417912], [-85.51608466572893, 36.08116687458646], [-85.51742566549568, 36.08101287422577], [-85.5177856653948, 36.08097187469025], [-85.51787566636928, 36.08096387443999], [-85.51795966553381, 36.08095287412989], [-85.51825066565823, 36.08091887417348], [-85.51938166620424, 36.080788874340094], [-85.51970466679717, 36.08075287414542], [-85.51975966674021, 36.08074687446951], [-85.51981466668039, 36.08074087386727], [-85.52023466675703, 36.080691874675416], [-85.52166066666771, 36.08052887427182], [-85.52213666725488, 36.0804748740759], [-85.5235476671044, 36.08031187393641], [-85.52778166896358, 36.07982687383581], [-85.52919366935848, 36.07966587371064], [-85.53036466982302, 36.07952987331027], [-85.53388167019502, 36.07912587330983], [-85.53505467084715, 36.07899287331684], [-85.53670967101625, 36.07880187344865], [-85.54167667253635, 36.07823387259527], [-85.54333367292003, 36.07804487232261], [-85.54374767284344, 36.077995873118354], [-85.54498967325628, 36.07785287223186], [-85.54540467350903, 36.077804872429724], [-85.54596367370814, 36.07735287208416], [-85.54764267412551, 36.07599887178011], [-85.5482026745214, 36.07554787232549], [-85.54847267487146, 36.0754988723682], [-85.5485796740938, 36.07547987231962], [-85.54900767413616, 36.07541887193821], [-85.54928467403079, 36.07536487176485], [-85.54940467490567, 36.075342872396426], [-85.5495496743101, 36.07529287190644], [-85.54967967431564, 36.07521687213691], [-85.54976267519433, 36.07514487229595], [-85.54982567478818, 36.075069872185736], [-85.54994667468593, 36.07492687139624], [-85.55015267435422, 36.074655871958164], [-85.55045367435544, 36.07419887156762], [-85.55048067512017, 36.07415987151314], [-85.55064067538575, 36.073892871657634], [-85.55066967433413, 36.07384287178436], [-85.55075967541462, 36.073700871280195], [-85.5507916747447, 36.07365387117132], [-85.55108467480969, 36.07353487184216], [-85.55177367506852, 36.07325887162528], [-85.5519566750023, 36.073146871384864], [-85.55204767566119, 36.07309187151817], [-85.5521626757135, 36.07294987091331], [-85.55296467592545, 36.07320387140213], [-85.55326467519285, 36.07326987140028], [-85.55492867565837, 36.07364187103414], [-85.55666367683695, 36.07383587163668], [-85.55670567622154, 36.073841871724426], [-85.55763867705902, 36.07382687152751], [-85.55781167671947, 36.07382287097704], [-85.55833867731374, 36.07373487136489], [-85.55910967781809, 36.0736078709204], [-85.55993067797016, 36.073528871304646], [-85.56046367767539, 36.07347787065689], [-85.56097967826406, 36.0727068706998], [-85.56252967824905, 36.070397870343], [-85.56304667786769, 36.06962787056], [-85.56313767781123, 36.069486870209694], [-85.56341767873761, 36.069070869922605], [-85.56351167826323, 36.06893387006851], [-85.56351167831811, 36.06893487048006], [-85.5634956784691, 36.068998870416394], [-85.56345167828943, 36.069087870263814], [-85.56343867868534, 36.06914587047626], [-85.56344267798555, 36.069176869771276], [-85.56345367783766, 36.06920987000493], [-85.56346667831562, 36.06924586970327], [-85.56357567833152, 36.06936486989137], [-85.5636586781826, 36.06946187046572], [-85.56369067803277, 36.06954387040041], [-85.56370667834682, 36.06967487042079], [-85.56371167831061, 36.0699158704402], [-85.56370167802982, 36.0700058703457], [-85.56368367844523, 36.07017687008651], [-85.56363467822565, 36.07027387048979], [-85.56363967788734, 36.07028587008717], [-85.5637036787066, 36.07030787014415], [-85.56379167807823, 36.070376869977004], [-85.56383267855237, 36.07042586993354], [-85.56386967861229, 36.07051887078171], [-85.56388967821859, 36.07063287011686], [-85.563888678608, 36.070714870455525], [-85.56386267898338, 36.07091287037033], [-85.56379867864986, 36.071181870094364], [-85.56378867856712, 36.07125787053849], [-85.5637876786862, 36.071373870409595], [-85.56378967892019, 36.07138787078048], [-85.56381867875865, 36.071539870511124], [-85.56384967861334, 36.07162787100786], [-85.5639006782064, 36.07180787077268], [-85.56391167896857, 36.07193587030043], [-85.56385867831155, 36.07212787095831], [-85.56384367824721, 36.07231687085308], [-85.5638666785579, 36.07244087068288], [-85.56389267878859, 36.072495871058344], [-85.56391767866316, 36.072530870414134], [-85.56394167907196, 36.072613870530326], [-85.56398267909707, 36.072688871161276], [-85.5641826790832, 36.07292887090559], [-85.56421667824202, 36.072962870773566], [-85.56436667841085, 36.07309087060183], [-85.56455067916043, 36.07323087090091], [-85.5646646791077, 36.07329287094906], [-85.56479367886593, 36.073399870497674], [-85.56481067929953, 36.07341787075734], [-85.56484667932911, 36.07352487065893], [-85.5648526788329, 36.07361587106045], [-85.56482367940532, 36.07374787099504], [-85.56477067949095, 36.073905870643266], [-85.56453967850683, 36.07448487141822], [-85.56452767849238, 36.074565871194565], [-85.56451667874342, 36.07464687097647], [-85.56452367946186, 36.07481887123938], [-85.56457167940208, 36.074949871194676], [-85.5646056789772, 36.07499087109956], [-85.56462167951332, 36.075025871129284], [-85.5648306790291, 36.07526787141162], [-85.564871678669, 36.07532287159902], [-85.5649386785907, 36.07543987113983], [-85.56497667953023, 36.075521871529546], [-85.5650556786922, 36.07562087177278], [-85.56509667947607, 36.075671871144415], [-85.56515467888742, 36.07572387093961], [-85.56529667927586, 36.075828871781795], [-85.56533467914471, 36.07584887098282], [-85.56535767880459, 36.07586787156157], [-85.56548067903921, 36.07596787102865], [-85.5656056795067, 36.076112871669935], [-85.56563067902799, 36.07616087144972], [-85.5656716791755, 36.076209871597975], [-85.56572967933273, 36.07631387167489], [-85.56575467958855, 36.07636887159134], [-85.56580867908862, 36.07651587121647], [-85.56585567987237, 36.0767778719598], [-85.5658716789472, 36.076887871859206], [-85.56588667994602, 36.07698487185087], [-85.56590267938385, 36.0770598718362], [-85.56592967936083, 36.077277871713875], [-85.56594467967237, 36.07756787135229], [-85.56594767948609, 36.07761787196858], [-85.5659826798237, 36.07779387170761], [-85.56599467985642, 36.07782487171165], [-85.56603567958615, 36.0780318714561], [-85.56606168003955, 36.07821387185455], [-85.56608167923292, 36.0784278718383], [-85.56608967958815, 36.07850087190466], [-85.56612468008828, 36.07863387200493], [-85.56614168014748, 36.07866887178918], [-85.56616667952653, 36.07870287200788], [-85.56619167964683, 36.07869587168163], [-85.56625067987031, 36.07869687167404], [-85.5663766792656, 36.07871787206054], [-85.56645867981491, 36.078744871573434], [-85.56650267925876, 36.07876787155684], [-85.56656267947244, 36.07878787194516], [-85.56668767988741, 36.07885487189939], [-85.5668056799577, 36.07890687198117], [-85.56722568013744, 36.07904787160493], [-85.5674276800017, 36.07913187201231], [-85.56754567988683, 36.07917387178153], [-85.56758768007643, 36.0791948723885], [-85.56762968053503, 36.07920787151444], [-85.5677056797978, 36.07924387215634], [-85.5677306803836, 36.07925087182771], [-85.56778268004, 36.07927487159109], [-85.56790768022873, 36.07933387240346], [-85.56799567986188, 36.079382871611855], [-85.56810068057419, 36.07946587165015], [-85.56829267999743, 36.07965387185265], [-85.56833368048984, 36.079704871860386], [-85.56844268019326, 36.07981687162033], [-85.56862668066465, 36.07998687223575], [-85.5687426799591, 36.080131872383674], [-85.56875968038202, 36.08016687178207], [-85.56878468048453, 36.08019387218855], [-85.56889268073559, 36.08037387228623], [-85.56900768019506, 36.080593872173104], [-85.5691066806526, 36.08080187204579], [-85.56923368098767, 36.081156872348416], [-85.56924468048906, 36.08121587264094], [-85.56926768108556, 36.081282872206636], [-85.569293680383, 36.08140787190171], [-85.56931768029706, 36.08155987275914], [-85.56932068121232, 36.08161787199717], [-85.56931468067359, 36.0816908722381], [-85.56931868073957, 36.08171387247894], [-85.56931768114072, 36.08186487283721], [-85.56932568028958, 36.082192872091255], [-85.56932468109655, 36.08232987213072], [-85.56930068103718, 36.08251187234521], [-85.56925068077193, 36.082831872885116], [-85.56922468085119, 36.08321287224504], [-85.56919568074363, 36.08334487290948], [-85.56915468124085, 36.083493872763185], [-85.5691246808811, 36.083680872416394], [-85.56907368047948, 36.08386587279236], [-85.56904268075508, 36.08398487267301], [-85.56896868122877, 36.0842018732191], [-85.56893668121899, 36.08434187263589], [-85.56893268136842, 36.08463087332273], [-85.5689086808543, 36.08490187265802], [-85.5688506810957, 36.085295873486366], [-85.56880868051483, 36.085479873012694], [-85.56879568077801, 36.0855178735375], [-85.56876768091698, 36.08555287326725], [-85.56875268128856, 36.08557187331912], [-85.56868568098126, 36.08561287296614], [-85.56865068039339, 36.08563987320839], [-85.56848068077238, 36.08573187286532], [-85.56837868063525, 36.08578187331002], [-85.56828968070067, 36.08580587358164], [-85.56805668075994, 36.08582887311867], [-85.56798968065792, 36.08582787330682], [-85.56794668026207, 36.08584087322982], [-85.56791668064463, 36.08583087341282], [-85.56775268061432, 36.085846873420024], [-85.56764168090417, 36.08588087321952], [-85.56757368032532, 36.08592087366215], [-85.56743768064116, 36.08604787374154], [-85.56731767998089, 36.086166873747416], [-85.56723168100145, 36.08625887383236], [-85.56705168044667, 36.086435873774576], [-85.56691568005391, 36.086561873747186], [-85.56684768056945, 36.086644873254556], [-85.56668867997938, 36.086857873506595], [-85.56667568049528, 36.08687687327456], [-85.56658068022577, 36.086989873413614], [-85.56646968030874, 36.08710287363029], [-85.56645168007628, 36.087126873649794], [-85.56635468032434, 36.087225873338795], [-85.56632367984048, 36.08726287332947], [-85.56622968055906, 36.08735587405685], [-85.5662126805583, 36.08737887362616], [-85.56615268023599, 36.08744087403922], [-85.56593968069947, 36.08764287367167], [-85.56567367963373, 36.087928873899564], [-85.56560467960621, 36.08801387350145], [-85.56549468040649, 36.08812387428646], [-85.56537868003782, 36.0882298742431], [-85.56531067964414, 36.08828387368355], [-85.5651016802034, 36.08843387410113], [-85.56483268045007, 36.08863787425146], [-85.56464067968584, 36.08877687396], [-85.56438068034446, 36.08899187401084], [-85.56423567952054, 36.08908787396923], [-85.56398467970689, 36.089278874296625], [-85.56390368005785, 36.08936687399588], [-85.56383867971161, 36.08944887409863], [-85.56374368006242, 36.08957987386639], [-85.56366567925312, 36.08970887387337], [-85.56357168008824, 36.0898118738544], [-85.56350467980444, 36.089865874082136], [-85.5633166790733, 36.08998587391406], [-85.56304467944715, 36.09010987443572], [-85.56286668001451, 36.09020587482039], [-85.56271367896568, 36.090300874168086], [-85.5626836793892, 36.09031387429596], [-85.56259367906421, 36.09036787441352], [-85.56237167905729, 36.09053887469121], [-85.56220067903764, 36.09068887455987], [-85.56208167879397, 36.090845874819856], [-85.56205567975123, 36.09088687455466], [-85.56202067955257, 36.09092787493611], [-85.56197767980002, 36.09096887418724], [-85.56187667930494, 36.091018874540474], [-85.56176567884741, 36.09105687414958], [-85.56168967888965, 36.09109087488971], [-85.56165467948851, 36.09109787487884], [-85.56157467922297, 36.09115187453331], [-85.56152767890299, 36.091213874814635], [-85.56150067936848, 36.09126787426565], [-85.56150067867229, 36.09135087461802], [-85.56152467934982, 36.09141287441108], [-85.56156567906244, 36.091454874713556], [-85.56157467878073, 36.09147787441497], [-85.5615916790227, 36.09149587503751], [-85.56159967952492, 36.09152387493629], [-85.56163367864636, 36.091550874315004], [-85.56167467869301, 36.09159887431172], [-85.56180667877067, 36.091916874802955], [-85.56183667929224, 36.092001875018894], [-85.56191667934921, 36.09222387455113], [-85.56194467931307, 36.092344874862505], [-85.56196867894245, 36.09242087481888], [-85.56205167960655, 36.09262687503968], [-85.56208367910746, 36.09273087482377], [-85.56213767940734, 36.09284487472675], [-85.56214867966055, 36.09290287510857], [-85.56221867940287, 36.09309287466351], [-85.56226967904435, 36.09340587490259], [-85.56228167998654, 36.09343687515825], [-85.56231767940683, 36.09360587517435], [-85.5623306798167, 36.093636875446066], [-85.56237767926089, 36.09384687520118], [-85.56245767961838, 36.09399887472981], [-85.56248067980538, 36.094026874900514], [-85.56249867981995, 36.094060875579906], [-85.56258967990318, 36.094164874736656], [-85.56279167953144, 36.09433087515301], [-85.56281667956073, 36.094351875164364], [-85.563107680234, 36.094619874897326], [-85.5631666800821, 36.09468487524243], [-85.56320667950264, 36.09478787530342], [-85.5632226800619, 36.09488487521843], [-85.56322267998875, 36.09494587559395], [-85.56317867998604, 36.09504287537205], [-85.56307567942342, 36.09521987492423], [-85.56296467944867, 36.095350875430235], [-85.56290367981049, 36.095453875401674], [-85.56285168007666, 36.09556987537775], [-85.56280268025284, 36.095744875846236], [-85.56276667950574, 36.095915875837484], [-85.56274967963019, 36.09597787534835], [-85.56269567951561, 36.09628787531997], [-85.56267267957581, 36.096471875395736], [-85.56262868010211, 36.09683087551863], [-85.56257467979322, 36.097159875850394], [-85.56254968017439, 36.09743787599125], [-85.56255668027649, 36.09759687556832], [-85.56250567987473, 36.097977876174596], [-85.56246167958774, 36.09845587644494], [-85.56239367998484, 36.09882987640872], [-85.56234767943931, 36.09917387642551], [-85.56230767999548, 36.09933487651817], [-85.56223868022006, 36.0994848759312], [-85.56211668004032, 36.099683876601425], [-85.56209167932839, 36.09971187644133], [-85.56197967933481, 36.0998618763618], [-85.56197067936112, 36.099889876611606], [-85.56193667935634, 36.099937876142334], [-85.56188867944492, 36.10007087625638], [-85.56187467984323, 36.1001638764733], [-85.56187367987384, 36.10021187600174], [-85.56189268015308, 36.10038687690125], [-85.56191367983705, 36.100479876279486], [-85.56198767947667, 36.10064587682676], [-85.56207867992453, 36.10075387688967], [-85.5621036796452, 36.10077687691384], [-85.56213768043824, 36.10082587684916], [-85.5621616797633, 36.10090887671852], [-85.5621616794688, 36.10095687626433], [-85.56212968004773, 36.101052876338294], [-85.56210867968846, 36.10109387701886], [-85.56203067953074, 36.1011698767968], [-85.56186067966732, 36.101312876682584], [-85.56175068002446, 36.1013868763722], [-85.5616436803091, 36.10144187649445], [-85.56155368021498, 36.10150287675882], [-85.56152468017748, 36.101515876607394], [-85.56129067960781, 36.10166587651515], [-85.56102668007078, 36.10180787710523], [-85.5608576799982, 36.101861876644364], [-85.56067067938939, 36.10191587706651], [-85.56054867930352, 36.101945877274524], [-85.56043367998302, 36.1019618764991], [-85.56024967962526, 36.10201487688726], [-85.5602136791989, 36.10202887653251], [-85.56011067896395, 36.10208287685664], [-85.56008567890885, 36.102103877052706], [-85.56004267895139, 36.10215887666735], [-85.55999367983048, 36.10223587677205], [-85.55995667918502, 36.102295876827476], [-85.55993967984622, 36.10232987718186], [-85.55987167968382, 36.10242587684836], [-85.55977567901373, 36.10250687726909], [-85.55946967971701, 36.10273887728757], [-85.55940167941496, 36.10277287691295], [-85.55931567965493, 36.1028058770187], [-85.55924767920766, 36.102833876840556], [-85.55903967944023, 36.10292887670744], [-85.55883167906973, 36.103077877260105], [-85.55873667933334, 36.103186877379414], [-85.55866867919806, 36.10328387675842], [-85.55861667917787, 36.103413877664195], [-85.5585306788471, 36.103563877511256], [-85.55845267949702, 36.10363887725325], [-85.55832467910568, 36.103747876977906], [-85.55822267919467, 36.103816877278014], [-85.55817367938381, 36.103795877672475], [-85.5580176788744, 36.10371387774384], [-85.55792867883855, 36.10366587737024], [-85.55772767867236, 36.10355687696251], [-85.55743067858744, 36.103388876894456], [-85.55733867911489, 36.10336087764332], [-85.55727967855745, 36.10335387725055], [-85.5571156782564, 36.103353877137], [-85.55701567824183, 36.103367876911356], [-85.55688767867034, 36.10338687758779], [-85.55669067905554, 36.10342287741244], [-85.55656267839863, 36.103873877085526], [-85.55644767845132, 36.104283877224326], [-85.5564156787736, 36.10437287741685], [-85.55638567842824, 36.104418877537], [-85.55634667881775, 36.10446187758306], [-85.55631667799395, 36.10448687733148], [-85.5562916786997, 36.10449887761685], [-85.55627067893867, 36.10450487757683], [-85.55624767871143, 36.10451787749993], [-85.55616967851977, 36.10452887790226], [-85.55587867879919, 36.10452987773103], [-85.55562267869328, 36.104513877303255], [-85.55558767872434, 36.10451287771295], [-85.55527667835257, 36.104504877167614], [-85.55511867849457, 36.10450587795061], [-85.55482867843989, 36.10450587762889], [-85.55469167819072, 36.1045058774542], [-85.55454967832887, 36.104498877466085], [-85.5536926774416, 36.10445687804604], [-85.55284767738354, 36.104403877443886], [-85.5524716778588, 36.10438087765625], [-85.55228067777199, 36.10437687731977], [-85.55224067776727, 36.10428587778111], [-85.55212167675202, 36.104012877373655], [-85.55208267768748, 36.10392287738726], [-85.55185467728484, 36.10392287754951], [-85.55156367754405, 36.10392287737045], [-85.55117267679599, 36.103928877204886], [-85.55094567651784, 36.103933877782765], [-85.55035567709115, 36.103934878062155], [-85.5499176767177, 36.10393687812633], [-85.54900767587264, 36.10395687807326], [-85.54858767569873, 36.10396187784005], [-85.54823367557971, 36.103967877756325], [-85.54804867589044, 36.103957878150894], [-85.5480006758561, 36.10394587817672], [-85.54795467563034, 36.10393687787731], [-85.54781367612675, 36.10388787747997], [-85.5474096758568, 36.10370087817158], [-85.54722667620167, 36.103666877823734], [-85.54697467521247, 36.10365187804124], [-85.54668467594281, 36.103651877955414], [-85.54547367477751, 36.10358987780317], [-85.54541067508669, 36.10358687797142], [-85.54493767542593, 36.10355887812462], [-85.5448876748322, 36.10355287809042], [-85.5447736748889, 36.10354487810667], [-85.54456967501287, 36.10351787748807], [-85.54425367454863, 36.103482878193844], [-85.54337367490679, 36.10339987764586], [-85.54332167512013, 36.10338987768999], [-85.54329267410115, 36.103377877480675], [-85.54316567411, 36.10328487802932], [-85.5431166748842, 36.1032378780095], [-85.54304567487209, 36.103145878273025], [-85.54299667457306, 36.10307187810537], [-85.54294167451681, 36.10299987761605], [-85.54289667505839, 36.10295187783684], [-85.54280067461094, 36.102877877881774], [-85.54274767473315, 36.10285087783014], [-85.54265867487487, 36.10281887801294], [-85.54259967387713, 36.10280587791879], [-85.54256567434358, 36.10280487743863], [-85.54246367428547, 36.10282487801905], [-85.54225167394543, 36.102882877459614], [-85.5421066738741, 36.10294887820945], [-85.54203967479827, 36.10298587759178], [-85.54197267419406, 36.10303487817464], [-85.54194167455975, 36.103068877819005], [-85.54191267404745, 36.10314387818163], [-85.5418976737143, 36.10321887764151], [-85.54189867455683, 36.10346587758279], [-85.54188967452892, 36.1035418777006], [-85.54188867426795, 36.10369487801971], [-85.54188267430885, 36.103789878275954], [-85.54186467478003, 36.10393887818699], [-85.54184567450744, 36.10415487790966], [-85.54181167414072, 36.10437087831135], [-85.5417146743822, 36.10510487812805], [-85.54167667468037, 36.105352877960506], [-85.54166867387693, 36.105448878178024], [-85.54159667435731, 36.10608087840679], [-85.54154867452533, 36.106349878341724], [-85.54148767418997, 36.10683087823602], [-85.5414676744268, 36.10693787868054], [-85.54146267453797, 36.106966878571356], [-85.54144267456914, 36.10713487835946], [-85.54144567452228, 36.10718987858697], [-85.54145567403474, 36.10722887914998], [-85.5414836739894, 36.10727287896243], [-85.54151967401839, 36.107306879013514], [-85.54154867489422, 36.10732487844548], [-85.5415936743681, 36.10734487910146], [-85.54169667488979, 36.10736387894744], [-85.54184367457015, 36.10737087879422], [-85.54231567449997, 36.10741287899566], [-85.54269867472675, 36.10745887860321], [-85.54284167504056, 36.10749387875695], [-85.54291967457384, 36.10752087883963], [-85.54298067529396, 36.10754887885053], [-85.543041674357, 36.10759087905657], [-85.54311667538798, 36.10767287899151], [-85.54314467493396, 36.10772987913831], [-85.54315567489944, 36.10782487886111], [-85.54313367484772, 36.108030878498234], [-85.54311067473415, 36.10817187879912], [-85.54309467523699, 36.10827887930302], [-85.54307767546409, 36.10842787850422], [-85.54304567494853, 36.10873687897201], [-85.54297367455497, 36.109197879146016], [-85.54293467447886, 36.10945387944302], [-85.5428876745121, 36.10976687953582], [-85.54287467544466, 36.10992887922026], [-85.54285767492291, 36.110055879393045], [-85.54279067483358, 36.11057687913409], [-85.5427586751848, 36.11092087902146], [-85.54273667472555, 36.111059879436375], [-85.5426946753944, 36.11123887957978], [-85.54264567483125, 36.111337879579935], [-85.5426146750352, 36.11137987984898], [-85.54257767484428, 36.11141787917836], [-85.54239367522915, 36.111559879987176], [-85.54225967437606, 36.111678879878724], [-85.54224067507069, 36.111696879896826], [-85.54215367496434, 36.11178987995791], [-85.54207267430044, 36.111879879897174], [-85.54201967507595, 36.111952879237705], [-85.541851674978, 36.112127879315736], [-85.54167367463813, 36.1120768792324], [-85.54153867490723, 36.112046879541026], [-85.54132567472064, 36.11202187981916], [-85.54094067397591, 36.1119708798804], [-85.54064767420353, 36.111941879270326], [-85.54047767402467, 36.11193087979787], [-85.5401316743954, 36.11189187926745], [-85.53999867435968, 36.11187787928536], [-85.53877767370541, 36.111750879798194], [-85.53817267363696, 36.11167387977926], [-85.5379756733708, 36.111643879308154], [-85.53777067323631, 36.111607879691555], [-85.5373656732526, 36.111505879314954], [-85.5370606733928, 36.11141887993049], [-85.53674867364347, 36.111334879326954], [-85.53644267347839, 36.11125488004851], [-85.53632067360047, 36.11121687978417], [-85.5353056730461, 36.11094587951749], [-85.53524467317257, 36.11093387938636], [-85.53505967266781, 36.11089988001017], [-85.53502367309655, 36.110893879413126], [-85.53495867303724, 36.110883879841694], [-85.5348636724845, 36.11086387948391], [-85.53476367266076, 36.110854879515784], [-85.53439167280358, 36.11080287952471], [-85.53422167237129, 36.110788879924236], [-85.53360367260667, 36.110723880046024], [-85.53329867174918, 36.110685880010706], [-85.53290567226036, 36.11064788001633], [-85.53278167170362, 36.11063888008374], [-85.53261467158968, 36.110635879846235], [-85.53243467180125, 36.11063287945352], [-85.53208167152081, 36.11063787970404], [-85.53161367211091, 36.1106558801358], [-85.53123167156964, 36.1106628796386], [-85.53079667187453, 36.11067488016676], [-85.53055867185134, 36.11067887946036], [-85.5300266710728, 36.11068987955461], [-85.52987367178596, 36.11069787953005], [-85.52949867089177, 36.11070387969723], [-85.5287666709756, 36.110704880252584], [-85.52857067134994, 36.110707879788826], [-85.52853767078305, 36.11070888007865], [-85.52809567065017, 36.110723879860664], [-85.5277906701399, 36.110750880355205], [-85.52766867059876, 36.11077788037642], [-85.52743267065907, 36.11084287977138], [-85.5272866707756, 36.1108918798498], [-85.52717967051201, 36.11093388021547], [-85.52691667015935, 36.11102188025324], [-85.52622667021764, 36.11122388037756], [-85.52603566998016, 36.11127688042701], [-85.52588267065354, 36.11130788010194], [-85.52576266958715, 36.11132788053003], [-85.52553166996852, 36.11135388016154], [-85.52537967025032, 36.11135788036773], [-85.52532666973138, 36.11135388017594], [-85.52528167028386, 36.111345880099876], [-85.52522666961086, 36.11133088017848], [-85.52501366999472, 36.111299879846385], [-85.52485267001161, 36.11128888026037], [-85.5247566700077, 36.11129888008348], [-85.52475366953556, 36.11129988037997], [-85.52470066945865, 36.11130788024219], [-85.52460866981453, 36.11134188014457], [-85.5245736701065, 36.111364880333355], [-85.52443167005768, 36.11143787986256], [-85.52432666932239, 36.1114868802926], [-85.52402966994448, 36.11157088073948], [-85.52393766950735, 36.11161288064554], [-85.52389966943397, 36.11163588051217], [-85.52382366969309, 36.11170088065369], [-85.52374666953469, 36.111799880576406], [-85.52368766933574, 36.11191188016172], [-85.52367666939547, 36.11193288032768], [-85.52363966937801, 36.11200188005419], [-85.52363866928084, 36.11200288011206], [-85.5235866698998, 36.112116880159284], [-85.52354866939343, 36.1121848809084], [-85.52353666903554, 36.11221988004195], [-85.52353366960078, 36.112230880733726], [-85.5234946698182, 36.11228788029772], [-85.52347266908983, 36.112318880664155], [-85.5233956693163, 36.112394880105384], [-85.52338866947512, 36.11239988059499], [-85.5233496698476, 36.112428880554276], [-85.52328166964726, 36.11246388095438], [-85.52317466943282, 36.112493880146175], [-85.5230826692229, 36.112509880645874], [-85.52294766931897, 36.11251588092739], [-85.52279366896482, 36.11252488099551], [-85.52264266938506, 36.112529880317844], [-85.52257166938851, 36.11253188039462], [-85.52229766928545, 36.112539880234394], [-85.52211466961643, 36.112558880360545], [-85.52191266957573, 36.11260188035285], [-85.52189466892747, 36.112606880411], [-85.52170266918161, 36.112669880879395], [-85.52161166918293, 36.112704881059614], [-85.52142166916855, 36.1127918806502], [-85.52125666871993, 36.112879880436374], [-85.52110866886143, 36.11296088068967], [-85.52088366914579, 36.11307388071128], [-85.52067966881934, 36.1131538810839], [-85.52061166817272, 36.113176880554505], [-85.52046566874773, 36.11321188116718], [-85.52023166885937, 36.11325288099716], [-85.52011466818117, 36.11326788122885], [-85.51985366861237, 36.11329188051706], [-85.51982566864385, 36.11329488111358], [-85.51962566844993, 36.11330588047049], [-85.51936266891856, 36.113323880933905], [-85.51926266795331, 36.11332988046803], [-85.51925066809383, 36.11333088080868], [-85.51896266778178, 36.11334888078915], [-85.51886366813542, 36.11335588078367], [-85.5188186676712, 36.11335988132702], [-85.51865766785005, 36.11335288050924], [-85.51855066826755, 36.11334088122797], [-85.51854366836368, 36.11334088122585], [-85.51834566818653, 36.11331088075174], [-85.5181926684386, 36.11327288075167], [-85.51785666749548, 36.11316188133738], [-85.5176736681437, 36.113119880810856], [-85.51764166810105, 36.113114880609274], [-85.51749066780923, 36.11309288063515], [-85.5173306682934, 36.11308588114336], [-85.51726966757677, 36.11308588125964], [-85.51707866807757, 36.11310488048882], [-85.51697266734722, 36.11312488137084], [-85.51661366707778, 36.1131958813089], [-85.51591166764035, 36.1133388813219], [-85.51590366698586, 36.11334088065938], [-85.51572866759152, 36.11338288093491], [-85.51568266683816, 36.11339788072311], [-85.51564566701131, 36.113415880895765], [-85.5155756677171, 36.113458881166395], [-85.51557566676644, 36.11341388106398], [-85.51556866705063, 36.11337288150066], [-85.51554366749875, 36.11330188137419], [-85.51537966763149, 36.113333880739376], [-85.50833366487572, 36.1132208809715], [-85.50839566517975, 36.11178088092056], [-85.50773266495223, 36.10893788040302], [-85.50606966355382, 36.105853879518364], [-85.50596666388732, 36.1059338802969], [-85.50593366450686, 36.10595887961773], [-85.50555166395152, 36.10625787995102], [-85.50552266359688, 36.10626988037378], [-85.50543366396073, 36.106309880432455], [-85.50535966401519, 36.10631788031548], [-85.5053476634399, 36.10624887975358], [-85.50531266382148, 36.1060448797739], [-85.50530866439145, 36.10602188018757], [-85.50530066419277, 36.105977880016496], [-85.50527466333868, 36.10585087962633], [-85.50526866328279, 36.105821880214776], [-85.50523366365945, 36.10563487986775], [-85.50519266428141, 36.10547288033916], [-85.50516166388996, 36.105348879537495], [-85.50514566426092, 36.10529787973893], [-85.50512966335663, 36.10524387961746], [-85.50510466357346, 36.105144880203184], [-85.50509266340035, 36.105093879682556], [-85.50502466348665, 36.10481188013954], [-85.50497166374495, 36.104425880104095], [-85.5048676632597, 36.103763879509195], [-85.50486366303922, 36.103735879664725], [-85.5047076638523, 36.102626879501315], [-85.50465766292021, 36.10232287965886], [-85.50461066301185, 36.10185687947009], [-85.50461266300259, 36.10162187874009], [-85.50461666388358, 36.10147987893996], [-85.50462766308685, 36.10134187886435], [-85.50466466381766, 36.10111987934727], [-85.50475766312434, 36.100662879075685], [-85.5048006632912, 36.100499878536525], [-85.50493666375982, 36.09992587907315], [-85.50493666385576, 36.099871878743], [-85.50450566343049, 36.101180879135235], [-85.50421366298659, 36.10108987948678], [-85.50406766276524, 36.10148487950877], [-85.50376366341706, 36.10231187972833], [-85.50362266288099, 36.102668879746105], [-85.50360566343033, 36.10271287901441], [-85.50347566282775, 36.103063879311456], [-85.50331166299857, 36.102874879807324], [-85.50323166347323, 36.10278287975899], [-85.50304966329682, 36.10251487909645], [-85.50302666346818, 36.102488879206746], [-85.50298766336289, 36.102410879675276], [-85.50294066285643, 36.102338879333665], [-85.50291066282787, 36.10226287892652], [-85.50290366307715, 36.10224987904153], [-85.5028736632214, 36.10218787890338], [-85.50284466243218, 36.10211087948547], [-85.50281966333512, 36.10207287905377], [-85.50280466246865, 36.102022878911555], [-85.50274966305479, 36.10183287958045], [-85.5027136628072, 36.101706879118716], [-85.50267166294292, 36.10152187949266], [-85.50265066304183, 36.10134487957536], [-85.50263766231531, 36.10127487952191], [-85.50263666325723, 36.10125387948359], [-85.50262866291142, 36.10105787947413], [-85.50251266247031, 36.101068879535894], [-85.50246566321651, 36.101074879150254], [-85.50245066279996, 36.10107787886727], [-85.50224766303383, 36.10111887888682], [-85.5021176631163, 36.10116787949457], [-85.50204966288096, 36.101207879066045], [-85.50200766307938, 36.10123587924791], [-85.50198266262004, 36.10125487926525], [-85.5018886622128, 36.10134787943693], [-85.50185566296993, 36.101402879047505], [-85.50182966307271, 36.10144787916354], [-85.50179666244368, 36.10154787901583], [-85.50179166295894, 36.10158287889598], [-85.50178966211956, 36.10160387916505], [-85.50179166240615, 36.1016468796692], [-85.50179666292252, 36.10177087952042], [-85.50185766249636, 36.10212487969037], [-85.50188066252812, 36.10225187938321], [-85.50207266315356, 36.10355887997096], [-85.5021406625642, 36.104017880140724], [-85.50214766249658, 36.10403687979587], [-85.5021846632887, 36.10434187960211], [-85.50218866330711, 36.10436888002971], [-85.50218666318995, 36.10448987940504], [-85.50216566308353, 36.104617879794354], [-85.50214966241272, 36.104679879450366], [-85.50212866336152, 36.10473487996381], [-85.50204566295253, 36.10490087950604], [-85.50188866237261, 36.10514687979974], [-85.5018616633403, 36.10518187981517], [-85.50178166317967, 36.10529187966106], [-85.5016826626525, 36.10543187980345], [-85.50175566306606, 36.1054478796672], [-85.50197466232227, 36.10549888020041], [-85.50204866282111, 36.10551587991496], [-85.50196566311533, 36.10575688003912], [-85.50190266320844, 36.10594088010846], [-85.50153866250734, 36.106670880654384], [-85.5012716628944, 36.10713588000816], [-85.50123366250234, 36.107247879985266], [-85.50109666268655, 36.10766088076621], [-85.49779766194688, 36.11127888128082], [-85.49748966224844, 36.11157788101767], [-85.49724566234835, 36.11181688186267], [-85.49615666117684, 36.11295888171519], [-85.49554466103861, 36.11359788170892], [-85.49402466141679, 36.115188881932134], [-85.49370066071718, 36.11546188253462], [-85.49368066061689, 36.11548288275838], [-85.49325866150099, 36.11594088243776], [-85.49299766131722, 36.11596088243512], [-85.49271866104496, 36.11598988279904], [-85.49292466092096, 36.11630788222563], [-85.49238566040286, 36.11687788264949], [-85.49178066091208, 36.11752088252279], [-85.48943666023902, 36.12004888374343], [-85.48894165981538, 36.12058488327782], [-85.48838265986448, 36.12029488353934], [-85.48830866005176, 36.12025488341974], [-85.48829465945647, 36.12024688389727], [-85.48825566030237, 36.120222883638235], [-85.48824265970006, 36.1202158833469], [-85.488229659667, 36.120155883356134], [-85.48820265924694, 36.120032883323105], [-85.48819066012501, 36.119977883275595], [-85.48817866014176, 36.11991888341478], [-85.48817165951917, 36.1198878835909], [-85.48815565942269, 36.11976788365461], [-85.48813465998761, 36.11963988361115], [-85.48809765963539, 36.11948888300259], [-85.48804466023526, 36.11927188342938], [-85.48802765993602, 36.11921988316367], [-85.48780565936603, 36.11857988338453], [-85.48769565901122, 36.118238883587566], [-85.48768665990109, 36.118210883651905], [-85.48765965956115, 36.118143883468214], [-85.48763865910165, 36.1181098833084], [-85.48762265915553, 36.11806888353937], [-85.4875696591369, 36.117995883127776], [-85.48749165903652, 36.11791088339063], [-85.48745865996815, 36.117877883089214], [-85.48744565945618, 36.11786388348961], [-85.4873786596322, 36.11781988295637], [-85.4871446588701, 36.11766788326619], [-85.48712865919758, 36.11765888280927], [-85.48704365921132, 36.11760988284474], [-85.48657465865834, 36.1176048835323], [-85.48516765895377, 36.117592883080285], [-85.48469965847686, 36.1175888829509], [-85.48429165800192, 36.11766888302231], [-85.48376065890986, 36.117773883673465], [-85.48356065878949, 36.11781288324666], [-85.4830646582835, 36.117745882894766], [-85.483054658645, 36.11774488289705], [-85.48299365812275, 36.1175968835022], [-85.48287665776138, 36.11738288324585], [-85.48106465735077, 36.11700288350197], [-85.47857165715463, 36.116479883125514], [-85.47889765714477, 36.11458988281478], [-85.47781265643383, 36.114531883229866], [-85.47723465662128, 36.114501882786826], [-85.47596365579, 36.11452988276444], [-85.47585565604551, 36.11452488283237], [-85.47553465600599, 36.11451088328354], [-85.47542765605724, 36.11450688321357], [-85.47521965589425, 36.11571788279764], [-85.47459665601394, 36.11935288430392], [-85.47438965581982, 36.120564884036085], [-85.47509165631668, 36.121315884504746], [-85.47601865670505, 36.12230788457782], [-85.474686656539, 36.12341188469465], [-85.47389565551586, 36.12406988458404], [-85.47390065588938, 36.124075885372555], [-85.47392765617985, 36.12410288510411], [-85.47402565581612, 36.124203885310585], [-85.47405865644225, 36.12423788514899], [-85.47345565549676, 36.12467188509669], [-85.47211865502025, 36.12563788557661], [-85.47262065554986, 36.12592588524887], [-85.47326465641969, 36.12629688553861], [-85.47479165601936, 36.12718188595699], [-85.47482865589168, 36.12761788585382], [-85.47491265613107, 36.12858788627865], [-85.47554465672853, 36.12863188623309], [-85.47537265670883, 36.12916688551165], [-85.47612265699227, 36.12921188578964], [-85.47605465716913, 36.12970088558665], [-85.47822965700813, 36.12991988614148], [-85.47779365773066, 36.13083088576128], [-85.47684365737258, 36.13281888641116], [-85.47697565687722, 36.13282588652916], [-85.47719865715402, 36.13283988622287], [-85.47737165758006, 36.13284488702843], [-85.4775046580332, 36.132849886498654], [-85.47726465773668, 36.13319988622738], [-85.47719865790965, 36.133233886915356], [-85.47684765766938, 36.13342288655421], [-85.47588765678145, 36.13394988706242], [-85.47569265699074, 36.13405788686623], [-85.47567965707779, 36.134332887072546], [-85.47567265740187, 36.13436688735978], [-85.47565465704781, 36.13446888682971], [-85.47564865734662, 36.134503887353546], [-85.47572065705614, 36.13449988682025], [-85.47615865738604, 36.13448188684219]]]]}}]}